summons_number,street_codes,house_number,source_street_name,violation_location,violation_precinct,precinct_borough,violation_location_borough,candidate_method,candidate_boroughs,display_valid_boroughs,validated_boroughs,suggested_borough,status,confidence,validation_method,geosupport_street_names,street_name_similarity,latitude,longitude,candidate_details
1485527727,40404|40404,22,MOTHER GASTON AVE,,0,,,exact_code_tuple_ranked,Bronx|Brooklyn|Manhattan|Queens|Staten Island,,,,unmatched,,,,0.0,,,"[{""borough"":""Bronx"",""display_ok"":false,""street_names"":["""",""""],""location_ok"":false,""validation_method"":""none"",""latitude"":"""",""longitude"":"""",""grc"":""64;64;64""},{""borough"":""Brooklyn"",""display_ok"":false,""street_names"":["""",""""],""location_ok"":false,""validation_method"":""none"",""latitude"":"""",""longitude"":"""",""grc"":""64;64;64""},{""borough"":""Manhattan"",""display_ok"":false,""street_names"":["""",""""],""location_ok"":false,""validation_method"":""none"",""latitude"":"""",""longitude"":"""",""grc"":""64;64;64""},{""borough"":""Queens"",""display_ok"":false,""street_names"":["""",""""],""location_ok"":false,""validation_method"":""none"",""latitude"":"""",""longitude"":"""",""grc"":""64;64;64""},{""borough"":""Staten Island"",""display_ok"":false,""street_names"":["""",""""],""location_ok"":false,""validation_method"":""none"",""latitude"":"""",""longitude"":"""",""grc"":""64;64;64""}]"
1492484386,40404|40404,88-49,53 AVE,,0,,,exact_code_tuple_ranked,Bronx|Brooklyn|Manhattan|Queens|Staten Island,,,,unmatched,,,,0.0,,,"[{""borough"":""Bronx"",""display_ok"":false,""street_names"":["""",""""],""location_ok"":false,""validation_method"":""none"",""latitude"":"""",""longitude"":"""",""grc"":""64;64;64""},{""borough"":""Brooklyn"",""display_ok"":false,""street_names"":["""",""""],""location_ok"":false,""validation_method"":""none"",""latitude"":"""",""longitude"":"""",""grc"":""64;64;64""},{""borough"":""Manhattan"",""display_ok"":false,""street_names"":["""",""""],""location_ok"":false,""validation_method"":""none"",""latitude"":"""",""longitude"":"""",""grc"":""64;64;64""},{""borough"":""Queens"",""display_ok"":false,""street_names"":["""",""""],""location_ok"":false,""validation_method"":""none"",""latitude"":"""",""longitude"":"""",""grc"":""64;64;64""},{""borough"":""Staten Island"",""display_ok"":false,""street_names"":["""",""""],""location_ok"":false,""validation_method"":""none"",""latitude"":"""",""longitude"":"""",""grc"":""64;64;64""}]"
1495351178,40404|40404,149-03,ARCHER AVE,,0,,,exact_code_tuple_ranked,Bronx|Brooklyn|Manhattan|Queens|Staten Island,,,,unmatched,,,,0.0,,,"[{""borough"":""Bronx"",""display_ok"":false,""street_names"":["""",""""],""location_ok"":false,""validation_method"":""none"",""latitude"":"""",""longitude"":"""",""grc"":""64;64;64""},{""borough"":""Brooklyn"",""display_ok"":false,""street_names"":["""",""""],""location_ok"":false,""validation_method"":""none"",""latitude"":"""",""longitude"":"""",""grc"":""64;64;64""},{""borough"":""Manhattan"",""display_ok"":false,""street_names"":["""",""""],""location_ok"":false,""validation_method"":""none"",""latitude"":"""",""longitude"":"""",""grc"":""64;64;64""},{""borough"":""Queens"",""display_ok"":false,""street_names"":["""",""""],""location_ok"":false,""validation_method"":""none"",""latitude"":"""",""longitude"":"""",""grc"":""64;64;64""},{""borough"":""Staten Island"",""display_ok"":false,""street_names"":["""",""""],""location_ok"":false,""validation_method"":""none"",""latitude"":"""",""longitude"":"""",""grc"":""64;64;64""}]"
1492363388,40404|40404,48-35,POYER,,0,,,exact_code_tuple_ranked,Bronx|Brooklyn|Manhattan|Queens|Staten Island,,,,unmatched,,,,0.0,,,"[{""borough"":""Bronx"",""display_ok"":false,""street_names"":["""",""""],""location_ok"":false,""validation_method"":""none"",""latitude"":"""",""longitude"":"""",""grc"":""64;64;64""},{""borough"":""Brooklyn"",""display_ok"":false,""street_names"":["""",""""],""location_ok"":false,""validation_method"":""none"",""latitude"":"""",""longitude"":"""",""grc"":""64;64;64""},{""borough"":""Manhattan"",""display_ok"":false,""street_names"":["""",""""],""location_ok"":false,""validation_method"":""none"",""latitude"":"""",""longitude"":"""",""grc"":""64;64;64""},{""borough"":""Queens"",""display_ok"":false,""street_names"":["""",""""],""location_ok"":false,""validation_method"":""none"",""latitude"":"""",""longitude"":"""",""grc"":""64;64;64""},{""borough"":""Staten Island"",""display_ok"":false,""street_names"":["""",""""],""location_ok"":false,""validation_method"":""none"",""latitude"":"""",""longitude"":"""",""grc"":""64;64;64""}]"
1493870920,40404|40404,,S/O 557 E 31,,0,,,exact_code_tuple_ranked,Bronx|Brooklyn|Manhattan|Queens|Staten Island,,,,unmatched,,,,0.0,,,"[{""borough"":""Bronx"",""display_ok"":false,""street_names"":["""",""""],""location_ok"":false,""validation_method"":""none"",""latitude"":"""",""longitude"":"""",""grc"":""64;64;64""},{""borough"":""Brooklyn"",""display_ok"":false,""street_names"":["""",""""],""location_ok"":false,""validation_method"":""none"",""latitude"":"""",""longitude"":"""",""grc"":""64;64;64""},{""borough"":""Manhattan"",""display_ok"":false,""street_names"":["""",""""],""location_ok"":false,""validation_method"":""none"",""latitude"":"""",""longitude"":"""",""grc"":""64;64;64""},{""borough"":""Queens"",""display_ok"":false,""street_names"":["""",""""],""location_ok"":false,""validation_method"":""none"",""latitude"":"""",""longitude"":"""",""grc"":""64;64;64""},{""borough"":""Staten Island"",""display_ok"":false,""street_names"":["""",""""],""location_ok"":false,""validation_method"":""none"",""latitude"":"""",""longitude"":"""",""grc"":""64;64;64""}]"
1494181654,40404|40404,1888,ARTHUR AVE,98,98,,,exact_code_tuple_ranked,Bronx|Brooklyn|Manhattan|Queens|Staten Island,,,,unmatched,,,,0.0,,,"[{""borough"":""Bronx"",""display_ok"":false,""street_names"":["""",""""],""location_ok"":false,""validation_method"":""none"",""latitude"":"""",""longitude"":"""",""grc"":""64;64;64""},{""borough"":""Brooklyn"",""display_ok"":false,""street_names"":["""",""""],""location_ok"":false,""validation_method"":""none"",""latitude"":"""",""longitude"":"""",""grc"":""64;64;64""},{""borough"":""Manhattan"",""display_ok"":false,""street_names"":["""",""""],""location_ok"":false,""validation_method"":""none"",""latitude"":"""",""longitude"":"""",""grc"":""64;64;64""},{""borough"":""Queens"",""display_ok"":false,""street_names"":["""",""""],""location_ok"":false,""validation_method"":""none"",""latitude"":"""",""longitude"":"""",""grc"":""64;64;64""},{""borough"":""Staten Island"",""display_ok"":false,""street_names"":["""",""""],""location_ok"":false,""validation_method"":""none"",""latitude"":"""",""longitude"":"""",""grc"":""64;64;64""}]"
1493266913,40404|40404,163,WASHINGTON AVE,8,8,,,exact_code_tuple_ranked,Bronx|Brooklyn|Manhattan|Queens|Staten Island,,,,unmatched,,,,0.0,,,"[{""borough"":""Bronx"",""display_ok"":false,""street_names"":["""",""""],""location_ok"":false,""validation_method"":""none"",""latitude"":"""",""longitude"":"""",""grc"":""64;64;64""},{""borough"":""Brooklyn"",""display_ok"":false,""street_names"":["""",""""],""location_ok"":false,""validation_method"":""none"",""latitude"":"""",""longitude"":"""",""grc"":""64;64;64""},{""borough"":""Manhattan"",""display_ok"":false,""street_names"":["""",""""],""location_ok"":false,""validation_method"":""none"",""latitude"":"""",""longitude"":"""",""grc"":""64;64;64""},{""borough"":""Queens"",""display_ok"":false,""street_names"":["""",""""],""location_ok"":false,""validation_method"":""none"",""latitude"":"""",""longitude"":"""",""grc"":""64;64;64""},{""borough"":""Staten Island"",""display_ok"":false,""street_names"":["""",""""],""location_ok"":false,""validation_method"":""none"",""latitude"":"""",""longitude"":"""",""grc"":""64;64;64""}]"
1497924698,40404|40404,459,10,,0,,,exact_code_tuple_ranked,Bronx|Brooklyn|Manhattan|Queens|Staten Island,,,,unmatched,,,,0.0,,,"[{""borough"":""Bronx"",""display_ok"":false,""street_names"":["""",""""],""location_ok"":false,""validation_method"":""none"",""latitude"":"""",""longitude"":"""",""grc"":""64;64;64""},{""borough"":""Brooklyn"",""display_ok"":false,""street_names"":["""",""""],""location_ok"":false,""validation_method"":""none"",""latitude"":"""",""longitude"":"""",""grc"":""64;64;64""},{""borough"":""Manhattan"",""display_ok"":false,""street_names"":["""",""""],""location_ok"":false,""validation_method"":""none"",""latitude"":"""",""longitude"":"""",""grc"":""64;64;64""},{""borough"":""Queens"",""display_ok"":false,""street_names"":["""",""""],""location_ok"":false,""validation_method"":""none"",""latitude"":"""",""longitude"":"""",""grc"":""64;64;64""},{""borough"":""Staten Island"",""display_ok"":false,""street_names"":["""",""""],""location_ok"":false,""validation_method"":""none"",""latitude"":"""",""longitude"":"""",""grc"":""64;64;64""}]"
1497852328,40404|40404,184,WILSON AVENUE,3,3,,,exact_code_tuple_ranked,Bronx|Brooklyn|Manhattan|Queens|Staten Island,,,,unmatched,,,,0.0,,,"[{""borough"":""Bronx"",""display_ok"":false,""street_names"":["""",""""],""location_ok"":false,""validation_method"":""none"",""latitude"":"""",""longitude"":"""",""grc"":""64;64;64""},{""borough"":""Brooklyn"",""display_ok"":false,""street_names"":["""",""""],""location_ok"":false,""validation_method"":""none"",""latitude"":"""",""longitude"":"""",""grc"":""64;64;64""},{""borough"":""Manhattan"",""display_ok"":false,""street_names"":["""",""""],""location_ok"":false,""validation_method"":""none"",""latitude"":"""",""longitude"":"""",""grc"":""64;64;64""},{""borough"":""Queens"",""display_ok"":false,""street_names"":["""",""""],""location_ok"":false,""validation_method"":""none"",""latitude"":"""",""longitude"":"""",""grc"":""64;64;64""},{""borough"":""Staten Island"",""display_ok"":false,""street_names"":["""",""""],""location_ok"":false,""validation_method"":""none"",""latitude"":"""",""longitude"":"""",""grc"":""64;64;64""}]"
1476126124,40404|40404,42-11,214 PL,11,11,,,exact_code_tuple_ranked,Bronx|Brooklyn|Manhattan|Queens|Staten Island,,,,unmatched,,,,0.0,,,"[{""borough"":""Bronx"",""display_ok"":false,""street_names"":["""",""""],""location_ok"":false,""validation_method"":""none"",""latitude"":"""",""longitude"":"""",""grc"":""64;64;64""},{""borough"":""Brooklyn"",""display_ok"":false,""street_names"":["""",""""],""location_ok"":false,""validation_method"":""none"",""latitude"":"""",""longitude"":"""",""grc"":""64;64;64""},{""borough"":""Manhattan"",""display_ok"":false,""street_names"":["""",""""],""location_ok"":false,""validation_method"":""none"",""latitude"":"""",""longitude"":"""",""grc"":""64;64;64""},{""borough"":""Queens"",""display_ok"":false,""street_names"":["""",""""],""location_ok"":false,""validation_method"":""none"",""latitude"":"""",""longitude"":"""",""grc"":""64;64;64""},{""borough"":""Staten Island"",""display_ok"":false,""street_names"":["""",""""],""location_ok"":false,""validation_method"":""none"",""latitude"":"""",""longitude"":"""",""grc"":""64;64;64""}]"
1473208981,40404|40404,130,LINDEN ST,,0,,,exact_code_tuple_ranked,Bronx|Brooklyn|Manhattan|Queens|Staten Island,,,,unmatched,,,,0.0,,,"[{""borough"":""Bronx"",""display_ok"":false,""street_names"":["""",""""],""location_ok"":false,""validation_method"":""none"",""latitude"":"""",""longitude"":"""",""grc"":""64;64;64""},{""borough"":""Brooklyn"",""display_ok"":false,""street_names"":["""",""""],""location_ok"":false,""validation_method"":""none"",""latitude"":"""",""longitude"":"""",""grc"":""64;64;64""},{""borough"":""Manhattan"",""display_ok"":false,""street_names"":["""",""""],""location_ok"":false,""validation_method"":""none"",""latitude"":"""",""longitude"":"""",""grc"":""64;64;64""},{""borough"":""Queens"",""display_ok"":false,""street_names"":["""",""""],""location_ok"":false,""validation_method"":""none"",""latitude"":"""",""longitude"":"""",""grc"":""64;64;64""},{""borough"":""Staten Island"",""display_ok"":false,""street_names"":["""",""""],""location_ok"":false,""validation_method"":""none"",""latitude"":"""",""longitude"":"""",""grc"":""64;64;64""}]"
1494202621,40404|40404,2095,STERLING AVE,,0,,,exact_code_tuple_ranked,Bronx|Brooklyn|Manhattan|Queens|Staten Island,,,,unmatched,,,,0.0,,,"[{""borough"":""Bronx"",""display_ok"":false,""street_names"":["""",""""],""location_ok"":false,""validation_method"":""none"",""latitude"":"""",""longitude"":"""",""grc"":""64;64;64""},{""borough"":""Brooklyn"",""display_ok"":false,""street_names"":["""",""""],""location_ok"":false,""validation_method"":""none"",""latitude"":"""",""longitude"":"""",""grc"":""64;64;64""},{""borough"":""Manhattan"",""display_ok"":false,""street_names"":["""",""""],""location_ok"":false,""validation_method"":""none"",""latitude"":"""",""longitude"":"""",""grc"":""64;64;64""},{""borough"":""Queens"",""display_ok"":false,""street_names"":["""",""""],""location_ok"":false,""validation_method"":""none"",""latitude"":"""",""longitude"":"""",""grc"":""64;64;64""},{""borough"":""Staten Island"",""display_ok"":false,""street_names"":["""",""""],""location_ok"":false,""validation_method"":""none"",""latitude"":"""",""longitude"":"""",""grc"":""64;64;64""}]"
1495552585,40404|40404,2854,BRIGHTON 4 ST,,0,,,exact_code_tuple_ranked,Bronx|Brooklyn|Manhattan|Queens|Staten Island,,,,unmatched,,,,0.0,,,"[{""borough"":""Bronx"",""display_ok"":false,""street_names"":["""",""""],""location_ok"":false,""validation_method"":""none"",""latitude"":"""",""longitude"":"""",""grc"":""64;64;64""},{""borough"":""Brooklyn"",""display_ok"":false,""street_names"":["""",""""],""location_ok"":false,""validation_method"":""none"",""latitude"":"""",""longitude"":"""",""grc"":""64;64;64""},{""borough"":""Manhattan"",""display_ok"":false,""street_names"":["""",""""],""location_ok"":false,""validation_method"":""none"",""latitude"":"""",""longitude"":"""",""grc"":""64;64;64""},{""borough"":""Queens"",""display_ok"":false,""street_names"":["""",""""],""location_ok"":false,""validation_method"":""none"",""latitude"":"""",""longitude"":"""",""grc"":""64;64;64""},{""borough"":""Staten Island"",""display_ok"":false,""street_names"":["""",""""],""location_ok"":false,""validation_method"":""none"",""latitude"":"""",""longitude"":"""",""grc"":""64;64;64""}]"
1495118721,40404|40404,2306,E 3RD AVE,,0,,,exact_code_tuple_ranked,Bronx|Brooklyn|Manhattan|Queens|Staten Island,,,,unmatched,,,,0.0,,,"[{""borough"":""Bronx"",""display_ok"":false,""street_names"":["""",""""],""location_ok"":false,""validation_method"":""none"",""latitude"":"""",""longitude"":"""",""grc"":""64;64;64""},{""borough"":""Brooklyn"",""display_ok"":false,""street_names"":["""",""""],""location_ok"":false,""validation_method"":""none"",""latitude"":"""",""longitude"":"""",""grc"":""64;64;64""},{""borough"":""Manhattan"",""display_ok"":false,""street_names"":["""",""""],""location_ok"":false,""validation_method"":""none"",""latitude"":"""",""longitude"":"""",""grc"":""64;64;64""},{""borough"":""Queens"",""display_ok"":false,""street_names"":["""",""""],""location_ok"":false,""validation_method"":""none"",""latitude"":"""",""longitude"":"""",""grc"":""64;64;64""},{""borough"":""Staten Island"",""display_ok"":false,""street_names"":["""",""""],""location_ok"":false,""validation_method"":""none"",""latitude"":"""",""longitude"":"""",""grc"":""64;64;64""}]"
1497852353,40404|40404,184,WILSON AVE,3,3,,,exact_code_tuple_ranked,Bronx|Brooklyn|Manhattan|Queens|Staten Island,,,,unmatched,,,,0.0,,,"[{""borough"":""Bronx"",""display_ok"":false,""street_names"":["""",""""],""location_ok"":false,""validation_method"":""none"",""latitude"":"""",""longitude"":"""",""grc"":""64;64;64""},{""borough"":""Brooklyn"",""display_ok"":false,""street_names"":["""",""""],""location_ok"":false,""validation_method"":""none"",""latitude"":"""",""longitude"":"""",""grc"":""64;64;64""},{""borough"":""Manhattan"",""display_ok"":false,""street_names"":["""",""""],""location_ok"":false,""validation_method"":""none"",""latitude"":"""",""longitude"":"""",""grc"":""64;64;64""},{""borough"":""Queens"",""display_ok"":false,""street_names"":["""",""""],""location_ok"":false,""validation_method"":""none"",""latitude"":"""",""longitude"":"""",""grc"":""64;64;64""},{""borough"":""Staten Island"",""display_ok"":false,""street_names"":["""",""""],""location_ok"":false,""validation_method"":""none"",""latitude"":"""",""longitude"":"""",""grc"":""64;64;64""}]"
1495630559,40404|40404,520,75 AV,,0,,,exact_code_tuple_ranked,Bronx|Brooklyn|Manhattan|Queens|Staten Island,,,,unmatched,,,,0.0,,,"[{""borough"":""Bronx"",""display_ok"":false,""street_names"":["""",""""],""location_ok"":false,""validation_method"":""none"",""latitude"":"""",""longitude"":"""",""grc"":""64;64;64""},{""borough"":""Brooklyn"",""display_ok"":false,""street_names"":["""",""""],""location_ok"":false,""validation_method"":""none"",""latitude"":"""",""longitude"":"""",""grc"":""64;64;64""},{""borough"":""Manhattan"",""display_ok"":false,""street_names"":["""",""""],""location_ok"":false,""validation_method"":""none"",""latitude"":"""",""longitude"":"""",""grc"":""64;64;64""},{""borough"":""Queens"",""display_ok"":false,""street_names"":["""",""""],""location_ok"":false,""validation_method"":""none"",""latitude"":"""",""longitude"":"""",""grc"":""64;64;64""},{""borough"":""Staten Island"",""display_ok"":false,""street_names"":["""",""""],""location_ok"":false,""validation_method"":""none"",""latitude"":"""",""longitude"":"""",""grc"":""64;64;64""}]"
1495627378,40404|40404,30,DONGAN PL,54,54,,,exact_code_tuple_ranked,Bronx|Brooklyn|Manhattan|Queens|Staten Island,,,,unmatched,,,,0.0,,,"[{""borough"":""Bronx"",""display_ok"":false,""street_names"":["""",""""],""location_ok"":false,""validation_method"":""none"",""latitude"":"""",""longitude"":"""",""grc"":""64;64;64""},{""borough"":""Brooklyn"",""display_ok"":false,""street_names"":["""",""""],""location_ok"":false,""validation_method"":""none"",""latitude"":"""",""longitude"":"""",""grc"":""64;64;64""},{""borough"":""Manhattan"",""display_ok"":false,""street_names"":["""",""""],""location_ok"":false,""validation_method"":""none"",""latitude"":"""",""longitude"":"""",""grc"":""64;64;64""},{""borough"":""Queens"",""display_ok"":false,""street_names"":["""",""""],""location_ok"":false,""validation_method"":""none"",""latitude"":"""",""longitude"":"""",""grc"":""64;64;64""},{""borough"":""Staten Island"",""display_ok"":false,""street_names"":["""",""""],""location_ok"":false,""validation_method"":""none"",""latitude"":"""",""longitude"":"""",""grc"":""64;64;64""}]"
1473028530,40404|40404,20,GREEN LEAF AVE,,0,,,exact_code_tuple_ranked,Bronx|Brooklyn|Manhattan|Queens|Staten Island,,,,unmatched,,,,0.0,,,"[{""borough"":""Bronx"",""display_ok"":false,""street_names"":["""",""""],""location_ok"":false,""validation_method"":""none"",""latitude"":"""",""longitude"":"""",""grc"":""64;64;64""},{""borough"":""Brooklyn"",""display_ok"":false,""street_names"":["""",""""],""location_ok"":false,""validation_method"":""none"",""latitude"":"""",""longitude"":"""",""grc"":""64;64;64""},{""borough"":""Manhattan"",""display_ok"":false,""street_names"":["""",""""],""location_ok"":false,""validation_method"":""none"",""latitude"":"""",""longitude"":"""",""grc"":""64;64;64""},{""borough"":""Queens"",""display_ok"":false,""street_names"":["""",""""],""location_ok"":false,""validation_method"":""none"",""latitude"":"""",""longitude"":"""",""grc"":""64;64;64""},{""borough"":""Staten Island"",""display_ok"":false,""street_names"":["""",""""],""location_ok"":false,""validation_method"":""none"",""latitude"":"""",""longitude"":"""",""grc"":""64;64;64""}]"
1488657774,40404|40404,65,LENOX,,0,,,exact_code_tuple_ranked,Bronx|Brooklyn|Manhattan|Queens|Staten Island,,,,unmatched,,,,0.0,,,"[{""borough"":""Bronx"",""display_ok"":false,""street_names"":["""",""""],""location_ok"":false,""validation_method"":""none"",""latitude"":"""",""longitude"":"""",""grc"":""64;64;64""},{""borough"":""Brooklyn"",""display_ok"":false,""street_names"":["""",""""],""location_ok"":false,""validation_method"":""none"",""latitude"":"""",""longitude"":"""",""grc"":""64;64;64""},{""borough"":""Manhattan"",""display_ok"":false,""street_names"":["""",""""],""location_ok"":false,""validation_method"":""none"",""latitude"":"""",""longitude"":"""",""grc"":""64;64;64""},{""borough"":""Queens"",""display_ok"":false,""street_names"":["""",""""],""location_ok"":false,""validation_method"":""none"",""latitude"":"""",""longitude"":"""",""grc"":""64;64;64""},{""borough"":""Staten Island"",""display_ok"":false,""street_names"":["""",""""],""location_ok"":false,""validation_method"":""none"",""latitude"":"""",""longitude"":"""",""grc"":""64;64;64""}]"
1495538370,40404|40404,1749,CROSBY AVE,,0,,,exact_code_tuple_ranked,Bronx|Brooklyn|Manhattan|Queens|Staten Island,,,,unmatched,,,,0.0,,,"[{""borough"":""Bronx"",""display_ok"":false,""street_names"":["""",""""],""location_ok"":false,""validation_method"":""none"",""latitude"":"""",""longitude"":"""",""grc"":""64;64;64""},{""borough"":""Brooklyn"",""display_ok"":false,""street_names"":["""",""""],""location_ok"":false,""validation_method"":""none"",""latitude"":"""",""longitude"":"""",""grc"":""64;64;64""},{""borough"":""Manhattan"",""display_ok"":false,""street_names"":["""",""""],""location_ok"":false,""validation_method"":""none"",""latitude"":"""",""longitude"":"""",""grc"":""64;64;64""},{""borough"":""Queens"",""display_ok"":false,""street_names"":["""",""""],""location_ok"":false,""validation_method"":""none"",""latitude"":"""",""longitude"":"""",""grc"":""64;64;64""},{""borough"":""Staten Island"",""display_ok"":false,""street_names"":["""",""""],""location_ok"":false,""validation_method"":""none"",""latitude"":"""",""longitude"":"""",""grc"":""64;64;64""}]"
1495661957,40404|40404,107,FORT GEORGE,31,31,,,exact_code_tuple_ranked,Bronx|Brooklyn|Manhattan|Queens|Staten Island,,,,unmatched,,,,0.0,,,"[{""borough"":""Bronx"",""display_ok"":false,""street_names"":["""",""""],""location_ok"":false,""validation_method"":""none"",""latitude"":"""",""longitude"":"""",""grc"":""64;64;64""},{""borough"":""Brooklyn"",""display_ok"":false,""street_names"":["""",""""],""location_ok"":false,""validation_method"":""none"",""latitude"":"""",""longitude"":"""",""grc"":""64;64;64""},{""borough"":""Manhattan"",""display_ok"":false,""street_names"":["""",""""],""location_ok"":false,""validation_method"":""none"",""latitude"":"""",""longitude"":"""",""grc"":""64;64;64""},{""borough"":""Queens"",""display_ok"":false,""street_names"":["""",""""],""location_ok"":false,""validation_method"":""none"",""latitude"":"""",""longitude"":"""",""grc"":""64;64;64""},{""borough"":""Staten Island"",""display_ok"":false,""street_names"":["""",""""],""location_ok"":false,""validation_method"":""none"",""latitude"":"""",""longitude"":"""",""grc"":""64;64;64""}]"
1495756464,40404|40404,,ORCHARD BEACH PARKIN,163,163,,,exact_code_tuple_ranked,Bronx|Brooklyn|Manhattan|Queens|Staten Island,,,,unmatched,,,,0.0,,,"[{""borough"":""Bronx"",""display_ok"":false,""street_names"":["""",""""],""location_ok"":false,""validation_method"":""none"",""latitude"":"""",""longitude"":"""",""grc"":""64;64;64""},{""borough"":""Brooklyn"",""display_ok"":false,""street_names"":["""",""""],""location_ok"":false,""validation_method"":""none"",""latitude"":"""",""longitude"":"""",""grc"":""64;64;64""},{""borough"":""Manhattan"",""display_ok"":false,""street_names"":["""",""""],""location_ok"":false,""validation_method"":""none"",""latitude"":"""",""longitude"":"""",""grc"":""64;64;64""},{""borough"":""Queens"",""display_ok"":false,""street_names"":["""",""""],""location_ok"":false,""validation_method"":""none"",""latitude"":"""",""longitude"":"""",""grc"":""64;64;64""},{""borough"":""Staten Island"",""display_ok"":false,""street_names"":["""",""""],""location_ok"":false,""validation_method"":""none"",""latitude"":"""",""longitude"":"""",""grc"":""64;64;64""}]"
1487874285,40404|40404,101,SOUNDVIEW AVE,93,93,,,exact_code_tuple_ranked,Bronx|Brooklyn|Manhattan|Queens|Staten Island,,,,unmatched,,,,0.0,,,"[{""borough"":""Bronx"",""display_ok"":false,""street_names"":["""",""""],""location_ok"":false,""validation_method"":""none"",""latitude"":"""",""longitude"":"""",""grc"":""64;64;64""},{""borough"":""Brooklyn"",""display_ok"":false,""street_names"":["""",""""],""location_ok"":false,""validation_method"":""none"",""latitude"":"""",""longitude"":"""",""grc"":""64;64;64""},{""borough"":""Manhattan"",""display_ok"":false,""street_names"":["""",""""],""location_ok"":false,""validation_method"":""none"",""latitude"":"""",""longitude"":"""",""grc"":""64;64;64""},{""borough"":""Queens"",""display_ok"":false,""street_names"":["""",""""],""location_ok"":false,""validation_method"":""none"",""latitude"":"""",""longitude"":"""",""grc"":""64;64;64""},{""borough"":""Staten Island"",""display_ok"":false,""street_names"":["""",""""],""location_ok"":false,""validation_method"":""none"",""latitude"":"""",""longitude"":"""",""grc"":""64;64;64""}]"
1491991914,40404|40404,202-26,45 ROAD,,0,,,exact_code_tuple_ranked,Bronx|Brooklyn|Manhattan|Queens|Staten Island,,,,unmatched,,,,0.0,,,"[{""borough"":""Bronx"",""display_ok"":false,""street_names"":["""",""""],""location_ok"":false,""validation_method"":""none"",""latitude"":"""",""longitude"":"""",""grc"":""64;64;64""},{""borough"":""Brooklyn"",""display_ok"":false,""street_names"":["""",""""],""location_ok"":false,""validation_method"":""none"",""latitude"":"""",""longitude"":"""",""grc"":""64;64;64""},{""borough"":""Manhattan"",""display_ok"":false,""street_names"":["""",""""],""location_ok"":false,""validation_method"":""none"",""latitude"":"""",""longitude"":"""",""grc"":""64;64;64""},{""borough"":""Queens"",""display_ok"":false,""street_names"":["""",""""],""location_ok"":false,""validation_method"":""none"",""latitude"":"""",""longitude"":"""",""grc"":""64;64;64""},{""borough"":""Staten Island"",""display_ok"":false,""street_names"":["""",""""],""location_ok"":false,""validation_method"":""none"",""latitude"":"""",""longitude"":"""",""grc"":""64;64;64""}]"
1497779352,40404|40404,3831,BAILEY,,0,,,exact_code_tuple_ranked,Bronx|Brooklyn|Manhattan|Queens|Staten Island,,,,unmatched,,,,0.0,,,"[{""borough"":""Bronx"",""display_ok"":false,""street_names"":["""",""""],""location_ok"":false,""validation_method"":""none"",""latitude"":"""",""longitude"":"""",""grc"":""64;64;64""},{""borough"":""Brooklyn"",""display_ok"":false,""street_names"":["""",""""],""location_ok"":false,""validation_method"":""none"",""latitude"":"""",""longitude"":"""",""grc"":""64;64;64""},{""borough"":""Manhattan"",""display_ok"":false,""street_names"":["""",""""],""location_ok"":false,""validation_method"":""none"",""latitude"":"""",""longitude"":"""",""grc"":""64;64;64""},{""borough"":""Queens"",""display_ok"":false,""street_names"":["""",""""],""location_ok"":false,""validation_method"":""none"",""latitude"":"""",""longitude"":"""",""grc"":""64;64;64""},{""borough"":""Staten Island"",""display_ok"":false,""street_names"":["""",""""],""location_ok"":false,""validation_method"":""none"",""latitude"":"""",""longitude"":"""",""grc"":""64;64;64""}]"
1492780406,40404|40404,1201,CORTELYOU PL,,0,,,exact_code_tuple_ranked,Bronx|Brooklyn|Manhattan|Queens|Staten Island,,,,unmatched,,,,0.0,,,"[{""borough"":""Bronx"",""display_ok"":false,""street_names"":["""",""""],""location_ok"":false,""validation_method"":""none"",""latitude"":"""",""longitude"":"""",""grc"":""64;64;64""},{""borough"":""Brooklyn"",""display_ok"":false,""street_names"":["""",""""],""location_ok"":false,""validation_method"":""none"",""latitude"":"""",""longitude"":"""",""grc"":""64;64;64""},{""borough"":""Manhattan"",""display_ok"":false,""street_names"":["""",""""],""location_ok"":false,""validation_method"":""none"",""latitude"":"""",""longitude"":"""",""grc"":""64;64;64""},{""borough"":""Queens"",""display_ok"":false,""street_names"":["""",""""],""location_ok"":false,""validation_method"":""none"",""latitude"":"""",""longitude"":"""",""grc"":""64;64;64""},{""borough"":""Staten Island"",""display_ok"":false,""street_names"":["""",""""],""location_ok"":false,""validation_method"":""none"",""latitude"":"""",""longitude"":"""",""grc"":""64;64;64""}]"
1495756439,40404|40404,,ORCHARD BEACH PARKIN,163,163,,,exact_code_tuple_ranked,Bronx|Brooklyn|Manhattan|Queens|Staten Island,,,,unmatched,,,,0.0,,,"[{""borough"":""Bronx"",""display_ok"":false,""street_names"":["""",""""],""location_ok"":false,""validation_method"":""none"",""latitude"":"""",""longitude"":"""",""grc"":""64;64;64""},{""borough"":""Brooklyn"",""display_ok"":false,""street_names"":["""",""""],""location_ok"":false,""validation_method"":""none"",""latitude"":"""",""longitude"":"""",""grc"":""64;64;64""},{""borough"":""Manhattan"",""display_ok"":false,""street_names"":["""",""""],""location_ok"":false,""validation_method"":""none"",""latitude"":"""",""longitude"":"""",""grc"":""64;64;64""},{""borough"":""Queens"",""display_ok"":false,""street_names"":["""",""""],""location_ok"":false,""validation_method"":""none"",""latitude"":"""",""longitude"":"""",""grc"":""64;64;64""},{""borough"":""Staten Island"",""display_ok"":false,""street_names"":["""",""""],""location_ok"":false,""validation_method"":""none"",""latitude"":"""",""longitude"":"""",""grc"":""64;64;64""}]"
1496047590,40404|40404,25-75,STEINWAY ST,,0,,,exact_code_tuple_ranked,Bronx|Brooklyn|Manhattan|Queens|Staten Island,,,,unmatched,,,,0.0,,,"[{""borough"":""Bronx"",""display_ok"":false,""street_names"":["""",""""],""location_ok"":false,""validation_method"":""none"",""latitude"":"""",""longitude"":"""",""grc"":""64;64;64""},{""borough"":""Brooklyn"",""display_ok"":false,""street_names"":["""",""""],""location_ok"":false,""validation_method"":""none"",""latitude"":"""",""longitude"":"""",""grc"":""64;64;64""},{""borough"":""Manhattan"",""display_ok"":false,""street_names"":["""",""""],""location_ok"":false,""validation_method"":""none"",""latitude"":"""",""longitude"":"""",""grc"":""64;64;64""},{""borough"":""Queens"",""display_ok"":false,""street_names"":["""",""""],""location_ok"":false,""validation_method"":""none"",""latitude"":"""",""longitude"":"""",""grc"":""64;64;64""},{""borough"":""Staten Island"",""display_ok"":false,""street_names"":["""",""""],""location_ok"":false,""validation_method"":""none"",""latitude"":"""",""longitude"":"""",""grc"":""64;64;64""}]"
1495756415,40404|40404,,ORCHARD BEACH PARKIN,163,163,,,exact_code_tuple_ranked,Bronx|Brooklyn|Manhattan|Queens|Staten Island,,,,unmatched,,,,0.0,,,"[{""borough"":""Bronx"",""display_ok"":false,""street_names"":["""",""""],""location_ok"":false,""validation_method"":""none"",""latitude"":"""",""longitude"":"""",""grc"":""64;64;64""},{""borough"":""Brooklyn"",""display_ok"":false,""street_names"":["""",""""],""location_ok"":false,""validation_method"":""none"",""latitude"":"""",""longitude"":"""",""grc"":""64;64;64""},{""borough"":""Manhattan"",""display_ok"":false,""street_names"":["""",""""],""location_ok"":false,""validation_method"":""none"",""latitude"":"""",""longitude"":"""",""grc"":""64;64;64""},{""borough"":""Queens"",""display_ok"":false,""street_names"":["""",""""],""location_ok"":false,""validation_method"":""none"",""latitude"":"""",""longitude"":"""",""grc"":""64;64;64""},{""borough"":""Staten Island"",""display_ok"":false,""street_names"":["""",""""],""location_ok"":false,""validation_method"":""none"",""latitude"":"""",""longitude"":"""",""grc"":""64;64;64""}]"
1498258414,40404|40404,132-230,MERRICK BLVD,,0,,,exact_code_tuple_ranked,Bronx|Brooklyn|Manhattan|Queens|Staten Island,,,,unmatched,,,,0.0,,,"[{""borough"":""Bronx"",""display_ok"":false,""street_names"":["""",""""],""location_ok"":false,""validation_method"":""none"",""latitude"":"""",""longitude"":"""",""grc"":""64;64;64""},{""borough"":""Brooklyn"",""display_ok"":false,""street_names"":["""",""""],""location_ok"":false,""validation_method"":""none"",""latitude"":"""",""longitude"":"""",""grc"":""64;64;64""},{""borough"":""Manhattan"",""display_ok"":false,""street_names"":["""",""""],""location_ok"":false,""validation_method"":""none"",""latitude"":"""",""longitude"":"""",""grc"":""64;64;64""},{""borough"":""Queens"",""display_ok"":false,""street_names"":["""",""""],""location_ok"":false,""validation_method"":""none"",""latitude"":"""",""longitude"":"""",""grc"":""64;64;64""},{""borough"":""Staten Island"",""display_ok"":false,""street_names"":["""",""""],""location_ok"":false,""validation_method"":""none"",""latitude"":"""",""longitude"":"""",""grc"":""64;64;64""}]"
1496511979,40404|40404,118-97,RIVERTON ST,,0,,,exact_code_tuple_ranked,Bronx|Brooklyn|Manhattan|Queens|Staten Island,,,,unmatched,,,,0.0,,,"[{""borough"":""Bronx"",""display_ok"":false,""street_names"":["""",""""],""location_ok"":false,""validation_method"":""none"",""latitude"":"""",""longitude"":"""",""grc"":""64;64;64""},{""borough"":""Brooklyn"",""display_ok"":false,""street_names"":["""",""""],""location_ok"":false,""validation_method"":""none"",""latitude"":"""",""longitude"":"""",""grc"":""64;64;64""},{""borough"":""Manhattan"",""display_ok"":false,""street_names"":["""",""""],""location_ok"":false,""validation_method"":""none"",""latitude"":"""",""longitude"":"""",""grc"":""64;64;64""},{""borough"":""Queens"",""display_ok"":false,""street_names"":["""",""""],""location_ok"":false,""validation_method"":""none"",""latitude"":"""",""longitude"":"""",""grc"":""64;64;64""},{""borough"":""Staten Island"",""display_ok"":false,""street_names"":["""",""""],""location_ok"":false,""validation_method"":""none"",""latitude"":"""",""longitude"":"""",""grc"":""64;64;64""}]"
1476610307,40404|40404,203,WATER ST,,0,,,exact_code_tuple_ranked,Bronx|Brooklyn|Manhattan|Queens|Staten Island,,,,unmatched,,,,0.0,,,"[{""borough"":""Bronx"",""display_ok"":false,""street_names"":["""",""""],""location_ok"":false,""validation_method"":""none"",""latitude"":"""",""longitude"":"""",""grc"":""64;64;64""},{""borough"":""Brooklyn"",""display_ok"":false,""street_names"":["""",""""],""location_ok"":false,""validation_method"":""none"",""latitude"":"""",""longitude"":"""",""grc"":""64;64;64""},{""borough"":""Manhattan"",""display_ok"":false,""street_names"":["""",""""],""location_ok"":false,""validation_method"":""none"",""latitude"":"""",""longitude"":"""",""grc"":""64;64;64""},{""borough"":""Queens"",""display_ok"":false,""street_names"":["""",""""],""location_ok"":false,""validation_method"":""none"",""latitude"":"""",""longitude"":"""",""grc"":""64;64;64""},{""borough"":""Staten Island"",""display_ok"":false,""street_names"":["""",""""],""location_ok"":false,""validation_method"":""none"",""latitude"":"""",""longitude"":"""",""grc"":""64;64;64""}]"
1495202264,40404|40404,17,STATE,,0,,,exact_code_tuple_ranked,Bronx|Brooklyn|Manhattan|Queens|Staten Island,,,,unmatched,,,,0.0,,,"[{""borough"":""Bronx"",""display_ok"":false,""street_names"":["""",""""],""location_ok"":false,""validation_method"":""none"",""latitude"":"""",""longitude"":"""",""grc"":""64;64;64""},{""borough"":""Brooklyn"",""display_ok"":false,""street_names"":["""",""""],""location_ok"":false,""validation_method"":""none"",""latitude"":"""",""longitude"":"""",""grc"":""64;64;64""},{""borough"":""Manhattan"",""display_ok"":false,""street_names"":["""",""""],""location_ok"":false,""validation_method"":""none"",""latitude"":"""",""longitude"":"""",""grc"":""64;64;64""},{""borough"":""Queens"",""display_ok"":false,""street_names"":["""",""""],""location_ok"":false,""validation_method"":""none"",""latitude"":"""",""longitude"":"""",""grc"":""64;64;64""},{""borough"":""Staten Island"",""display_ok"":false,""street_names"":["""",""""],""location_ok"":false,""validation_method"":""none"",""latitude"":"""",""longitude"":"""",""grc"":""64;64;64""}]"
1496050071,40404|40404,28-04,STEINWAY,,0,,,exact_code_tuple_ranked,Bronx|Brooklyn|Manhattan|Queens|Staten Island,,,,unmatched,,,,0.0,,,"[{""borough"":""Bronx"",""display_ok"":false,""street_names"":["""",""""],""location_ok"":false,""validation_method"":""none"",""latitude"":"""",""longitude"":"""",""grc"":""64;64;64""},{""borough"":""Brooklyn"",""display_ok"":false,""street_names"":["""",""""],""location_ok"":false,""validation_method"":""none"",""latitude"":"""",""longitude"":"""",""grc"":""64;64;64""},{""borough"":""Manhattan"",""display_ok"":false,""street_names"":["""",""""],""location_ok"":false,""validation_method"":""none"",""latitude"":"""",""longitude"":"""",""grc"":""64;64;64""},{""borough"":""Queens"",""display_ok"":false,""street_names"":["""",""""],""location_ok"":false,""validation_method"":""none"",""latitude"":"""",""longitude"":"""",""grc"":""64;64;64""},{""borough"":""Staten Island"",""display_ok"":false,""street_names"":["""",""""],""location_ok"":false,""validation_method"":""none"",""latitude"":"""",""longitude"":"""",""grc"":""64;64;64""}]"
1495756403,40404|40404,,ORCHARD BEACH PARKIN,163,163,,,exact_code_tuple_ranked,Bronx|Brooklyn|Manhattan|Queens|Staten Island,,,,unmatched,,,,0.0,,,"[{""borough"":""Bronx"",""display_ok"":false,""street_names"":["""",""""],""location_ok"":false,""validation_method"":""none"",""latitude"":"""",""longitude"":"""",""grc"":""64;64;64""},{""borough"":""Brooklyn"",""display_ok"":false,""street_names"":["""",""""],""location_ok"":false,""validation_method"":""none"",""latitude"":"""",""longitude"":"""",""grc"":""64;64;64""},{""borough"":""Manhattan"",""display_ok"":false,""street_names"":["""",""""],""location_ok"":false,""validation_method"":""none"",""latitude"":"""",""longitude"":"""",""grc"":""64;64;64""},{""borough"":""Queens"",""display_ok"":false,""street_names"":["""",""""],""location_ok"":false,""validation_method"":""none"",""latitude"":"""",""longitude"":"""",""grc"":""64;64;64""},{""borough"":""Staten Island"",""display_ok"":false,""street_names"":["""",""""],""location_ok"":false,""validation_method"":""none"",""latitude"":"""",""longitude"":"""",""grc"":""64;64;64""}]"
1496049913,40404|40404,28-49,STEINWAY,117,117,,,exact_code_tuple_ranked,Bronx|Brooklyn|Manhattan|Queens|Staten Island,,,,unmatched,,,,0.0,,,"[{""borough"":""Bronx"",""display_ok"":false,""street_names"":["""",""""],""location_ok"":false,""validation_method"":""none"",""latitude"":"""",""longitude"":"""",""grc"":""64;64;64""},{""borough"":""Brooklyn"",""display_ok"":false,""street_names"":["""",""""],""location_ok"":false,""validation_method"":""none"",""latitude"":"""",""longitude"":"""",""grc"":""64;64;64""},{""borough"":""Manhattan"",""display_ok"":false,""street_names"":["""",""""],""location_ok"":false,""validation_method"":""none"",""latitude"":"""",""longitude"":"""",""grc"":""64;64;64""},{""borough"":""Queens"",""display_ok"":false,""street_names"":["""",""""],""location_ok"":false,""validation_method"":""none"",""latitude"":"""",""longitude"":"""",""grc"":""64;64;64""},{""borough"":""Staten Island"",""display_ok"":false,""street_names"":["""",""""],""location_ok"":false,""validation_method"":""none"",""latitude"":"""",""longitude"":"""",""grc"":""64;64;64""}]"
1495723707,40404|40404,3800,WHITE PLAINS RD,97,97,,,exact_code_tuple_ranked,Bronx|Brooklyn|Manhattan|Queens|Staten Island,,,,unmatched,,,,0.0,,,"[{""borough"":""Bronx"",""display_ok"":false,""street_names"":["""",""""],""location_ok"":false,""validation_method"":""none"",""latitude"":"""",""longitude"":"""",""grc"":""64;64;64""},{""borough"":""Brooklyn"",""display_ok"":false,""street_names"":["""",""""],""location_ok"":false,""validation_method"":""none"",""latitude"":"""",""longitude"":"""",""grc"":""64;64;64""},{""borough"":""Manhattan"",""display_ok"":false,""street_names"":["""",""""],""location_ok"":false,""validation_method"":""none"",""latitude"":"""",""longitude"":"""",""grc"":""64;64;64""},{""borough"":""Queens"",""display_ok"":false,""street_names"":["""",""""],""location_ok"":false,""validation_method"":""none"",""latitude"":"""",""longitude"":"""",""grc"":""64;64;64""},{""borough"":""Staten Island"",""display_ok"":false,""street_names"":["""",""""],""location_ok"":false,""validation_method"":""none"",""latitude"":"""",""longitude"":"""",""grc"":""64;64;64""}]"
1497667434,40404|40404,405,JERSEY STREET,,0,,,exact_code_tuple_ranked,Bronx|Brooklyn|Manhattan|Queens|Staten Island,,,,unmatched,,,,0.0,,,"[{""borough"":""Bronx"",""display_ok"":false,""street_names"":["""",""""],""location_ok"":false,""validation_method"":""none"",""latitude"":"""",""longitude"":"""",""grc"":""64;64;64""},{""borough"":""Brooklyn"",""display_ok"":false,""street_names"":["""",""""],""location_ok"":false,""validation_method"":""none"",""latitude"":"""",""longitude"":"""",""grc"":""64;64;64""},{""borough"":""Manhattan"",""display_ok"":false,""street_names"":["""",""""],""location_ok"":false,""validation_method"":""none"",""latitude"":"""",""longitude"":"""",""grc"":""64;64;64""},{""borough"":""Queens"",""display_ok"":false,""street_names"":["""",""""],""location_ok"":false,""validation_method"":""none"",""latitude"":"""",""longitude"":"""",""grc"":""64;64;64""},{""borough"":""Staten Island"",""display_ok"":false,""street_names"":["""",""""],""location_ok"":false,""validation_method"":""none"",""latitude"":"""",""longitude"":"""",""grc"":""64;64;64""}]"
1497939781,40404|40404,139,BEEKMAN,2,2,,,exact_code_tuple_ranked,Bronx|Brooklyn|Manhattan|Queens|Staten Island,,,,unmatched,,,,0.0,,,"[{""borough"":""Bronx"",""display_ok"":false,""street_names"":["""",""""],""location_ok"":false,""validation_method"":""none"",""latitude"":"""",""longitude"":"""",""grc"":""64;64;64""},{""borough"":""Brooklyn"",""display_ok"":false,""street_names"":["""",""""],""location_ok"":false,""validation_method"":""none"",""latitude"":"""",""longitude"":"""",""grc"":""64;64;64""},{""borough"":""Manhattan"",""display_ok"":false,""street_names"":["""",""""],""location_ok"":false,""validation_method"":""none"",""latitude"":"""",""longitude"":"""",""grc"":""64;64;64""},{""borough"":""Queens"",""display_ok"":false,""street_names"":["""",""""],""location_ok"":false,""validation_method"":""none"",""latitude"":"""",""longitude"":"""",""grc"":""64;64;64""},{""borough"":""Staten Island"",""display_ok"":false,""street_names"":["""",""""],""location_ok"":false,""validation_method"":""none"",""latitude"":"""",""longitude"":"""",""grc"":""64;64;64""}]"
1493922506,40404|40404,43,AMITY PL,,0,,,exact_code_tuple_ranked,Bronx|Brooklyn|Manhattan|Queens|Staten Island,,,,unmatched,,,,0.0,,,"[{""borough"":""Bronx"",""display_ok"":false,""street_names"":["""",""""],""location_ok"":false,""validation_method"":""none"",""latitude"":"""",""longitude"":"""",""grc"":""64;64;64""},{""borough"":""Brooklyn"",""display_ok"":false,""street_names"":["""",""""],""location_ok"":false,""validation_method"":""none"",""latitude"":"""",""longitude"":"""",""grc"":""64;64;64""},{""borough"":""Manhattan"",""display_ok"":false,""street_names"":["""",""""],""location_ok"":false,""validation_method"":""none"",""latitude"":"""",""longitude"":"""",""grc"":""64;64;64""},{""borough"":""Queens"",""display_ok"":false,""street_names"":["""",""""],""location_ok"":false,""validation_method"":""none"",""latitude"":"""",""longitude"":"""",""grc"":""64;64;64""},{""borough"":""Staten Island"",""display_ok"":false,""street_names"":["""",""""],""location_ok"":false,""validation_method"":""none"",""latitude"":"""",""longitude"":"""",""grc"":""64;64;64""}]"
1494114902,40404|40404,642,EAGLE,,0,,,exact_code_tuple_ranked,Bronx|Brooklyn|Manhattan|Queens|Staten Island,,,,unmatched,,,,0.0,,,"[{""borough"":""Bronx"",""display_ok"":false,""street_names"":["""",""""],""location_ok"":false,""validation_method"":""none"",""latitude"":"""",""longitude"":"""",""grc"":""64;64;64""},{""borough"":""Brooklyn"",""display_ok"":false,""street_names"":["""",""""],""location_ok"":false,""validation_method"":""none"",""latitude"":"""",""longitude"":"""",""grc"":""64;64;64""},{""borough"":""Manhattan"",""display_ok"":false,""street_names"":["""",""""],""location_ok"":false,""validation_method"":""none"",""latitude"":"""",""longitude"":"""",""grc"":""64;64;64""},{""borough"":""Queens"",""display_ok"":false,""street_names"":["""",""""],""location_ok"":false,""validation_method"":""none"",""latitude"":"""",""longitude"":"""",""grc"":""64;64;64""},{""borough"":""Staten Island"",""display_ok"":false,""street_names"":["""",""""],""location_ok"":false,""validation_method"":""none"",""latitude"":"""",""longitude"":"""",""grc"":""64;64;64""}]"
1486043367,40404|40404,5,METROPOLITAN OVAL,,0,,,exact_code_tuple_ranked,Bronx|Brooklyn|Manhattan|Queens|Staten Island,,,,unmatched,,,,0.0,,,"[{""borough"":""Bronx"",""display_ok"":false,""street_names"":["""",""""],""location_ok"":false,""validation_method"":""none"",""latitude"":"""",""longitude"":"""",""grc"":""64;64;64""},{""borough"":""Brooklyn"",""display_ok"":false,""street_names"":["""",""""],""location_ok"":false,""validation_method"":""none"",""latitude"":"""",""longitude"":"""",""grc"":""64;64;64""},{""borough"":""Manhattan"",""display_ok"":false,""street_names"":["""",""""],""location_ok"":false,""validation_method"":""none"",""latitude"":"""",""longitude"":"""",""grc"":""64;64;64""},{""borough"":""Queens"",""display_ok"":false,""street_names"":["""",""""],""location_ok"":false,""validation_method"":""none"",""latitude"":"""",""longitude"":"""",""grc"":""64;64;64""},{""borough"":""Staten Island"",""display_ok"":false,""street_names"":["""",""""],""location_ok"":false,""validation_method"":""none"",""latitude"":"""",""longitude"":"""",""grc"":""64;64;64""}]"
1495624183,40404|40404,165,STOCKHOLM AVE,85,85,,,exact_code_tuple_ranked,Bronx|Brooklyn|Manhattan|Queens|Staten Island,,,,unmatched,,,,0.0,,,"[{""borough"":""Bronx"",""display_ok"":false,""street_names"":["""",""""],""location_ok"":false,""validation_method"":""none"",""latitude"":"""",""longitude"":"""",""grc"":""64;64;64""},{""borough"":""Brooklyn"",""display_ok"":false,""street_names"":["""",""""],""location_ok"":false,""validation_method"":""none"",""latitude"":"""",""longitude"":"""",""grc"":""64;64;64""},{""borough"":""Manhattan"",""display_ok"":false,""street_names"":["""",""""],""location_ok"":false,""validation_method"":""none"",""latitude"":"""",""longitude"":"""",""grc"":""64;64;64""},{""borough"":""Queens"",""display_ok"":false,""street_names"":["""",""""],""location_ok"":false,""validation_method"":""none"",""latitude"":"""",""longitude"":"""",""grc"":""64;64;64""},{""borough"":""Staten Island"",""display_ok"":false,""street_names"":["""",""""],""location_ok"":false,""validation_method"":""none"",""latitude"":"""",""longitude"":"""",""grc"":""64;64;64""}]"
1495656524,40404|40404,10W,116 ST,,0,,,exact_code_tuple_ranked,Bronx|Brooklyn|Manhattan|Queens|Staten Island,,,,unmatched,,,,0.0,,,"[{""borough"":""Bronx"",""display_ok"":false,""street_names"":["""",""""],""location_ok"":false,""validation_method"":""none"",""latitude"":"""",""longitude"":"""",""grc"":""64;64;64""},{""borough"":""Brooklyn"",""display_ok"":false,""street_names"":["""",""""],""location_ok"":false,""validation_method"":""none"",""latitude"":"""",""longitude"":"""",""grc"":""64;64;64""},{""borough"":""Manhattan"",""display_ok"":false,""street_names"":["""",""""],""location_ok"":false,""validation_method"":""none"",""latitude"":"""",""longitude"":"""",""grc"":""64;64;64""},{""borough"":""Queens"",""display_ok"":false,""street_names"":["""",""""],""location_ok"":false,""validation_method"":""none"",""latitude"":"""",""longitude"":"""",""grc"":""64;64;64""},{""borough"":""Staten Island"",""display_ok"":false,""street_names"":["""",""""],""location_ok"":false,""validation_method"":""none"",""latitude"":"""",""longitude"":"""",""grc"":""64;64;64""}]"
1472883524,40404|40404,466,COLUMBIA STREET,,0,,,exact_code_tuple_ranked,Bronx|Brooklyn|Manhattan|Queens|Staten Island,,,,unmatched,,,,0.0,,,"[{""borough"":""Bronx"",""display_ok"":false,""street_names"":["""",""""],""location_ok"":false,""validation_method"":""none"",""latitude"":"""",""longitude"":"""",""grc"":""64;64;64""},{""borough"":""Brooklyn"",""display_ok"":false,""street_names"":["""",""""],""location_ok"":false,""validation_method"":""none"",""latitude"":"""",""longitude"":"""",""grc"":""64;64;64""},{""borough"":""Manhattan"",""display_ok"":false,""street_names"":["""",""""],""location_ok"":false,""validation_method"":""none"",""latitude"":"""",""longitude"":"""",""grc"":""64;64;64""},{""borough"":""Queens"",""display_ok"":false,""street_names"":["""",""""],""location_ok"":false,""validation_method"":""none"",""latitude"":"""",""longitude"":"""",""grc"":""64;64;64""},{""borough"":""Staten Island"",""display_ok"":false,""street_names"":["""",""""],""location_ok"":false,""validation_method"":""none"",""latitude"":"""",""longitude"":"""",""grc"":""64;64;64""}]"
1484592621,40404|40404,4393,BARNES AVE,,0,,,exact_code_tuple_ranked,Bronx|Brooklyn|Manhattan|Queens|Staten Island,,,,unmatched,,,,0.0,,,"[{""borough"":""Bronx"",""display_ok"":false,""street_names"":["""",""""],""location_ok"":false,""validation_method"":""none"",""latitude"":"""",""longitude"":"""",""grc"":""64;64;64""},{""borough"":""Brooklyn"",""display_ok"":false,""street_names"":["""",""""],""location_ok"":false,""validation_method"":""none"",""latitude"":"""",""longitude"":"""",""grc"":""64;64;64""},{""borough"":""Manhattan"",""display_ok"":false,""street_names"":["""",""""],""location_ok"":false,""validation_method"":""none"",""latitude"":"""",""longitude"":"""",""grc"":""64;64;64""},{""borough"":""Queens"",""display_ok"":false,""street_names"":["""",""""],""location_ok"":false,""validation_method"":""none"",""latitude"":"""",""longitude"":"""",""grc"":""64;64;64""},{""borough"":""Staten Island"",""display_ok"":false,""street_names"":["""",""""],""location_ok"":false,""validation_method"":""none"",""latitude"":"""",""longitude"":"""",""grc"":""64;64;64""}]"
1497796106,40404|40404,2408,UNIVERSITY AVE,,0,,,exact_code_tuple_ranked,Bronx|Brooklyn|Manhattan|Queens|Staten Island,,,,unmatched,,,,0.0,,,"[{""borough"":""Bronx"",""display_ok"":false,""street_names"":["""",""""],""location_ok"":false,""validation_method"":""none"",""latitude"":"""",""longitude"":"""",""grc"":""64;64;64""},{""borough"":""Brooklyn"",""display_ok"":false,""street_names"":["""",""""],""location_ok"":false,""validation_method"":""none"",""latitude"":"""",""longitude"":"""",""grc"":""64;64;64""},{""borough"":""Manhattan"",""display_ok"":false,""street_names"":["""",""""],""location_ok"":false,""validation_method"":""none"",""latitude"":"""",""longitude"":"""",""grc"":""64;64;64""},{""borough"":""Queens"",""display_ok"":false,""street_names"":["""",""""],""location_ok"":false,""validation_method"":""none"",""latitude"":"""",""longitude"":"""",""grc"":""64;64;64""},{""borough"":""Staten Island"",""display_ok"":false,""street_names"":["""",""""],""location_ok"":false,""validation_method"":""none"",""latitude"":"""",""longitude"":"""",""grc"":""64;64;64""}]"
1495818858,40404|40404,87,ROCKAWAY,,0,,,exact_code_tuple_ranked,Bronx|Brooklyn|Manhattan|Queens|Staten Island,,,,unmatched,,,,0.0,,,"[{""borough"":""Bronx"",""display_ok"":false,""street_names"":["""",""""],""location_ok"":false,""validation_method"":""none"",""latitude"":"""",""longitude"":"""",""grc"":""64;64;64""},{""borough"":""Brooklyn"",""display_ok"":false,""street_names"":["""",""""],""location_ok"":false,""validation_method"":""none"",""latitude"":"""",""longitude"":"""",""grc"":""64;64;64""},{""borough"":""Manhattan"",""display_ok"":false,""street_names"":["""",""""],""location_ok"":false,""validation_method"":""none"",""latitude"":"""",""longitude"":"""",""grc"":""64;64;64""},{""borough"":""Queens"",""display_ok"":false,""street_names"":["""",""""],""location_ok"":false,""validation_method"":""none"",""latitude"":"""",""longitude"":"""",""grc"":""64;64;64""},{""borough"":""Staten Island"",""display_ok"":false,""street_names"":["""",""""],""location_ok"":false,""validation_method"":""none"",""latitude"":"""",""longitude"":"""",""grc"":""64;64;64""}]"
1473496810,40404|40404,50,HUDSON BLVD EAST,,0,,,exact_code_tuple_ranked,Bronx|Brooklyn|Manhattan|Queens|Staten Island,,,,unmatched,,,,0.0,,,"[{""borough"":""Bronx"",""display_ok"":false,""street_names"":["""",""""],""location_ok"":false,""validation_method"":""none"",""latitude"":"""",""longitude"":"""",""grc"":""64;64;64""},{""borough"":""Brooklyn"",""display_ok"":false,""street_names"":["""",""""],""location_ok"":false,""validation_method"":""none"",""latitude"":"""",""longitude"":"""",""grc"":""64;64;64""},{""borough"":""Manhattan"",""display_ok"":false,""street_names"":["""",""""],""location_ok"":false,""validation_method"":""none"",""latitude"":"""",""longitude"":"""",""grc"":""64;64;64""},{""borough"":""Queens"",""display_ok"":false,""street_names"":["""",""""],""location_ok"":false,""validation_method"":""none"",""latitude"":"""",""longitude"":"""",""grc"":""64;64;64""},{""borough"":""Staten Island"",""display_ok"":false,""street_names"":["""",""""],""location_ok"":false,""validation_method"":""none"",""latitude"":"""",""longitude"":"""",""grc"":""64;64;64""}]"
1488081839,40404|40404,9116,SHORE FT PKWY,,0,,,exact_code_tuple_ranked,Bronx|Brooklyn|Manhattan|Queens|Staten Island,,,,unmatched,,,,0.0,,,"[{""borough"":""Bronx"",""display_ok"":false,""street_names"":["""",""""],""location_ok"":false,""validation_method"":""none"",""latitude"":"""",""longitude"":"""",""grc"":""64;64;64""},{""borough"":""Brooklyn"",""display_ok"":false,""street_names"":["""",""""],""location_ok"":false,""validation_method"":""none"",""latitude"":"""",""longitude"":"""",""grc"":""64;64;64""},{""borough"":""Manhattan"",""display_ok"":false,""street_names"":["""",""""],""location_ok"":false,""validation_method"":""none"",""latitude"":"""",""longitude"":"""",""grc"":""64;64;64""},{""borough"":""Queens"",""display_ok"":false,""street_names"":["""",""""],""location_ok"":false,""validation_method"":""none"",""latitude"":"""",""longitude"":"""",""grc"":""64;64;64""},{""borough"":""Staten Island"",""display_ok"":false,""street_names"":["""",""""],""location_ok"":false,""validation_method"":""none"",""latitude"":"""",""longitude"":"""",""grc"":""64;64;64""}]"
1451846988,40404|40404,1901,CORTELYOU RD,,0,,,exact_code_tuple_ranked,Bronx|Brooklyn|Manhattan|Queens|Staten Island,,,,unmatched,,,,0.0,,,"[{""borough"":""Bronx"",""display_ok"":false,""street_names"":["""",""""],""location_ok"":false,""validation_method"":""none"",""latitude"":"""",""longitude"":"""",""grc"":""64;64;64""},{""borough"":""Brooklyn"",""display_ok"":false,""street_names"":["""",""""],""location_ok"":false,""validation_method"":""none"",""latitude"":"""",""longitude"":"""",""grc"":""64;64;64""},{""borough"":""Manhattan"",""display_ok"":false,""street_names"":["""",""""],""location_ok"":false,""validation_method"":""none"",""latitude"":"""",""longitude"":"""",""grc"":""64;64;64""},{""borough"":""Queens"",""display_ok"":false,""street_names"":["""",""""],""location_ok"":false,""validation_method"":""none"",""latitude"":"""",""longitude"":"""",""grc"":""64;64;64""},{""borough"":""Staten Island"",""display_ok"":false,""street_names"":["""",""""],""location_ok"":false,""validation_method"":""none"",""latitude"":"""",""longitude"":"""",""grc"":""64;64;64""}]"
1443319715,40404|40404,1,CENTRAL PK W,,0,,,exact_code_tuple_ranked,Bronx|Brooklyn|Manhattan|Queens|Staten Island,,,,unmatched,,,,0.0,,,"[{""borough"":""Bronx"",""display_ok"":false,""street_names"":["""",""""],""location_ok"":false,""validation_method"":""none"",""latitude"":"""",""longitude"":"""",""grc"":""64;64;64""},{""borough"":""Brooklyn"",""display_ok"":false,""street_names"":["""",""""],""location_ok"":false,""validation_method"":""none"",""latitude"":"""",""longitude"":"""",""grc"":""64;64;64""},{""borough"":""Manhattan"",""display_ok"":false,""street_names"":["""",""""],""location_ok"":false,""validation_method"":""none"",""latitude"":"""",""longitude"":"""",""grc"":""64;64;64""},{""borough"":""Queens"",""display_ok"":false,""street_names"":["""",""""],""location_ok"":false,""validation_method"":""none"",""latitude"":"""",""longitude"":"""",""grc"":""64;64;64""},{""borough"":""Staten Island"",""display_ok"":false,""street_names"":["""",""""],""location_ok"":false,""validation_method"":""none"",""latitude"":"""",""longitude"":"""",""grc"":""64;64;64""}]"
1495403622,40404|40404,250,WINTHROP,,0,,,exact_code_tuple_ranked,Bronx|Brooklyn|Manhattan|Queens|Staten Island,,,,unmatched,,,,0.0,,,"[{""borough"":""Bronx"",""display_ok"":false,""street_names"":["""",""""],""location_ok"":false,""validation_method"":""none"",""latitude"":"""",""longitude"":"""",""grc"":""64;64;64""},{""borough"":""Brooklyn"",""display_ok"":false,""street_names"":["""",""""],""location_ok"":false,""validation_method"":""none"",""latitude"":"""",""longitude"":"""",""grc"":""64;64;64""},{""borough"":""Manhattan"",""display_ok"":false,""street_names"":["""",""""],""location_ok"":false,""validation_method"":""none"",""latitude"":"""",""longitude"":"""",""grc"":""64;64;64""},{""borough"":""Queens"",""display_ok"":false,""street_names"":["""",""""],""location_ok"":false,""validation_method"":""none"",""latitude"":"""",""longitude"":"""",""grc"":""64;64;64""},{""borough"":""Staten Island"",""display_ok"":false,""street_names"":["""",""""],""location_ok"":false,""validation_method"":""none"",""latitude"":"""",""longitude"":"""",""grc"":""64;64;64""}]"
1491092671,40404|40404,530,EAST 90,12,12,,,exact_code_tuple_ranked,Bronx|Brooklyn|Manhattan|Queens|Staten Island,,,,unmatched,,,,0.0,,,"[{""borough"":""Bronx"",""display_ok"":false,""street_names"":["""",""""],""location_ok"":false,""validation_method"":""none"",""latitude"":"""",""longitude"":"""",""grc"":""64;64;64""},{""borough"":""Brooklyn"",""display_ok"":false,""street_names"":["""",""""],""location_ok"":false,""validation_method"":""none"",""latitude"":"""",""longitude"":"""",""grc"":""64;64;64""},{""borough"":""Manhattan"",""display_ok"":false,""street_names"":["""",""""],""location_ok"":false,""validation_method"":""none"",""latitude"":"""",""longitude"":"""",""grc"":""64;64;64""},{""borough"":""Queens"",""display_ok"":false,""street_names"":["""",""""],""location_ok"":false,""validation_method"":""none"",""latitude"":"""",""longitude"":"""",""grc"":""64;64;64""},{""borough"":""Staten Island"",""display_ok"":false,""street_names"":["""",""""],""location_ok"":false,""validation_method"":""none"",""latitude"":"""",""longitude"":"""",""grc"":""64;64;64""}]"
1451022517,40404|40404,301,FREEDOM PLACE SOUTH,,0,,,exact_code_tuple_ranked,Bronx|Brooklyn|Manhattan|Queens|Staten Island,,,,unmatched,,,,0.0,,,"[{""borough"":""Bronx"",""display_ok"":false,""street_names"":["""",""""],""location_ok"":false,""validation_method"":""none"",""latitude"":"""",""longitude"":"""",""grc"":""64;64;64""},{""borough"":""Brooklyn"",""display_ok"":false,""street_names"":["""",""""],""location_ok"":false,""validation_method"":""none"",""latitude"":"""",""longitude"":"""",""grc"":""64;64;64""},{""borough"":""Manhattan"",""display_ok"":false,""street_names"":["""",""""],""location_ok"":false,""validation_method"":""none"",""latitude"":"""",""longitude"":"""",""grc"":""64;64;64""},{""borough"":""Queens"",""display_ok"":false,""street_names"":["""",""""],""location_ok"":false,""validation_method"":""none"",""latitude"":"""",""longitude"":"""",""grc"":""64;64;64""},{""borough"":""Staten Island"",""display_ok"":false,""street_names"":["""",""""],""location_ok"":false,""validation_method"":""none"",""latitude"":"""",""longitude"":"""",""grc"":""64;64;64""}]"
1498739131,40404|40404,630,ISHAM,,0,,,exact_code_tuple_ranked,Bronx|Brooklyn|Manhattan|Queens|Staten Island,,,,unmatched,,,,0.0,,,"[{""borough"":""Bronx"",""display_ok"":false,""street_names"":["""",""""],""location_ok"":false,""validation_method"":""none"",""latitude"":"""",""longitude"":"""",""grc"":""64;64;64""},{""borough"":""Brooklyn"",""display_ok"":false,""street_names"":["""",""""],""location_ok"":false,""validation_method"":""none"",""latitude"":"""",""longitude"":"""",""grc"":""64;64;64""},{""borough"":""Manhattan"",""display_ok"":false,""street_names"":["""",""""],""location_ok"":false,""validation_method"":""none"",""latitude"":"""",""longitude"":"""",""grc"":""64;64;64""},{""borough"":""Queens"",""display_ok"":false,""street_names"":["""",""""],""location_ok"":false,""validation_method"":""none"",""latitude"":"""",""longitude"":"""",""grc"":""64;64;64""},{""borough"":""Staten Island"",""display_ok"":false,""street_names"":["""",""""],""location_ok"":false,""validation_method"":""none"",""latitude"":"""",""longitude"":"""",""grc"":""64;64;64""}]"
1494084934,40404|40404,1910,AVE M,,0,,,exact_code_tuple_ranked,Bronx|Brooklyn|Manhattan|Queens|Staten Island,,,,unmatched,,,,0.0,,,"[{""borough"":""Bronx"",""display_ok"":false,""street_names"":["""",""""],""location_ok"":false,""validation_method"":""none"",""latitude"":"""",""longitude"":"""",""grc"":""64;64;64""},{""borough"":""Brooklyn"",""display_ok"":false,""street_names"":["""",""""],""location_ok"":false,""validation_method"":""none"",""latitude"":"""",""longitude"":"""",""grc"":""64;64;64""},{""borough"":""Manhattan"",""display_ok"":false,""street_names"":["""",""""],""location_ok"":false,""validation_method"":""none"",""latitude"":"""",""longitude"":"""",""grc"":""64;64;64""},{""borough"":""Queens"",""display_ok"":false,""street_names"":["""",""""],""location_ok"":false,""validation_method"":""none"",""latitude"":"""",""longitude"":"""",""grc"":""64;64;64""},{""borough"":""Staten Island"",""display_ok"":false,""street_names"":["""",""""],""location_ok"":false,""validation_method"":""none"",""latitude"":"""",""longitude"":"""",""grc"":""64;64;64""}]"
1495593654,40404|40404,383,PULASKI ST,,0,,,exact_code_tuple_ranked,Bronx|Brooklyn|Manhattan|Queens|Staten Island,,,,unmatched,,,,0.0,,,"[{""borough"":""Bronx"",""display_ok"":false,""street_names"":["""",""""],""location_ok"":false,""validation_method"":""none"",""latitude"":"""",""longitude"":"""",""grc"":""64;64;64""},{""borough"":""Brooklyn"",""display_ok"":false,""street_names"":["""",""""],""location_ok"":false,""validation_method"":""none"",""latitude"":"""",""longitude"":"""",""grc"":""64;64;64""},{""borough"":""Manhattan"",""display_ok"":false,""street_names"":["""",""""],""location_ok"":false,""validation_method"":""none"",""latitude"":"""",""longitude"":"""",""grc"":""64;64;64""},{""borough"":""Queens"",""display_ok"":false,""street_names"":["""",""""],""location_ok"":false,""validation_method"":""none"",""latitude"":"""",""longitude"":"""",""grc"":""64;64;64""},{""borough"":""Staten Island"",""display_ok"":false,""street_names"":["""",""""],""location_ok"":false,""validation_method"":""none"",""latitude"":"""",""longitude"":"""",""grc"":""64;64;64""}]"
1493985693,40404|40404,59,JOHN,,0,,,exact_code_tuple_ranked,Bronx|Brooklyn|Manhattan|Queens|Staten Island,,,,unmatched,,,,0.0,,,"[{""borough"":""Bronx"",""display_ok"":false,""street_names"":["""",""""],""location_ok"":false,""validation_method"":""none"",""latitude"":"""",""longitude"":"""",""grc"":""64;64;64""},{""borough"":""Brooklyn"",""display_ok"":false,""street_names"":["""",""""],""location_ok"":false,""validation_method"":""none"",""latitude"":"""",""longitude"":"""",""grc"":""64;64;64""},{""borough"":""Manhattan"",""display_ok"":false,""street_names"":["""",""""],""location_ok"":false,""validation_method"":""none"",""latitude"":"""",""longitude"":"""",""grc"":""64;64;64""},{""borough"":""Queens"",""display_ok"":false,""street_names"":["""",""""],""location_ok"":false,""validation_method"":""none"",""latitude"":"""",""longitude"":"""",""grc"":""64;64;64""},{""borough"":""Staten Island"",""display_ok"":false,""street_names"":["""",""""],""location_ok"":false,""validation_method"":""none"",""latitude"":"""",""longitude"":"""",""grc"":""64;64;64""}]"
1439322144,40404|40404,737,MELROSE AVE,807,807,,,exact_code_tuple_ranked,Bronx|Brooklyn|Manhattan|Queens|Staten Island,,,,unmatched,,,,0.0,,,"[{""borough"":""Bronx"",""display_ok"":false,""street_names"":["""",""""],""location_ok"":false,""validation_method"":""none"",""latitude"":"""",""longitude"":"""",""grc"":""64;64;64""},{""borough"":""Brooklyn"",""display_ok"":false,""street_names"":["""",""""],""location_ok"":false,""validation_method"":""none"",""latitude"":"""",""longitude"":"""",""grc"":""64;64;64""},{""borough"":""Manhattan"",""display_ok"":false,""street_names"":["""",""""],""location_ok"":false,""validation_method"":""none"",""latitude"":"""",""longitude"":"""",""grc"":""64;64;64""},{""borough"":""Queens"",""display_ok"":false,""street_names"":["""",""""],""location_ok"":false,""validation_method"":""none"",""latitude"":"""",""longitude"":"""",""grc"":""64;64;64""},{""borough"":""Staten Island"",""display_ok"":false,""street_names"":["""",""""],""location_ok"":false,""validation_method"":""none"",""latitude"":"""",""longitude"":"""",""grc"":""64;64;64""}]"
1494083036,40404|40404,690,OCEAN PK,,0,,,exact_code_tuple_ranked,Bronx|Brooklyn|Manhattan|Queens|Staten Island,,,,unmatched,,,,0.0,,,"[{""borough"":""Bronx"",""display_ok"":false,""street_names"":["""",""""],""location_ok"":false,""validation_method"":""none"",""latitude"":"""",""longitude"":"""",""grc"":""64;64;64""},{""borough"":""Brooklyn"",""display_ok"":false,""street_names"":["""",""""],""location_ok"":false,""validation_method"":""none"",""latitude"":"""",""longitude"":"""",""grc"":""64;64;64""},{""borough"":""Manhattan"",""display_ok"":false,""street_names"":["""",""""],""location_ok"":false,""validation_method"":""none"",""latitude"":"""",""longitude"":"""",""grc"":""64;64;64""},{""borough"":""Queens"",""display_ok"":false,""street_names"":["""",""""],""location_ok"":false,""validation_method"":""none"",""latitude"":"""",""longitude"":"""",""grc"":""64;64;64""},{""borough"":""Staten Island"",""display_ok"":false,""street_names"":["""",""""],""location_ok"":false,""validation_method"":""none"",""latitude"":"""",""longitude"":"""",""grc"":""64;64;64""}]"
1474701395,40404|40404,919,FDR DRIVE,,0,,,exact_code_tuple_ranked,Bronx|Brooklyn|Manhattan|Queens|Staten Island,,,,unmatched,,,,0.0,,,"[{""borough"":""Bronx"",""display_ok"":false,""street_names"":["""",""""],""location_ok"":false,""validation_method"":""none"",""latitude"":"""",""longitude"":"""",""grc"":""64;64;64""},{""borough"":""Brooklyn"",""display_ok"":false,""street_names"":["""",""""],""location_ok"":false,""validation_method"":""none"",""latitude"":"""",""longitude"":"""",""grc"":""64;64;64""},{""borough"":""Manhattan"",""display_ok"":false,""street_names"":["""",""""],""location_ok"":false,""validation_method"":""none"",""latitude"":"""",""longitude"":"""",""grc"":""64;64;64""},{""borough"":""Queens"",""display_ok"":false,""street_names"":["""",""""],""location_ok"":false,""validation_method"":""none"",""latitude"":"""",""longitude"":"""",""grc"":""64;64;64""},{""borough"":""Staten Island"",""display_ok"":false,""street_names"":["""",""""],""location_ok"":false,""validation_method"":""none"",""latitude"":"""",""longitude"":"""",""grc"":""64;64;64""}]"
1494082949,40404|40404,690,OCEAN PK,,0,,,exact_code_tuple_ranked,Bronx|Brooklyn|Manhattan|Queens|Staten Island,,,,unmatched,,,,0.0,,,"[{""borough"":""Bronx"",""display_ok"":false,""street_names"":["""",""""],""location_ok"":false,""validation_method"":""none"",""latitude"":"""",""longitude"":"""",""grc"":""64;64;64""},{""borough"":""Brooklyn"",""display_ok"":false,""street_names"":["""",""""],""location_ok"":false,""validation_method"":""none"",""latitude"":"""",""longitude"":"""",""grc"":""64;64;64""},{""borough"":""Manhattan"",""display_ok"":false,""street_names"":["""",""""],""location_ok"":false,""validation_method"":""none"",""latitude"":"""",""longitude"":"""",""grc"":""64;64;64""},{""borough"":""Queens"",""display_ok"":false,""street_names"":["""",""""],""location_ok"":false,""validation_method"":""none"",""latitude"":"""",""longitude"":"""",""grc"":""64;64;64""},{""borough"":""Staten Island"",""display_ok"":false,""street_names"":["""",""""],""location_ok"":false,""validation_method"":""none"",""latitude"":"""",""longitude"":"""",""grc"":""64;64;64""}]"
1494083048,40404|40404,690,OCEAN PK,,0,,,exact_code_tuple_ranked,Bronx|Brooklyn|Manhattan|Queens|Staten Island,,,,unmatched,,,,0.0,,,"[{""borough"":""Bronx"",""display_ok"":false,""street_names"":["""",""""],""location_ok"":false,""validation_method"":""none"",""latitude"":"""",""longitude"":"""",""grc"":""64;64;64""},{""borough"":""Brooklyn"",""display_ok"":false,""street_names"":["""",""""],""location_ok"":false,""validation_method"":""none"",""latitude"":"""",""longitude"":"""",""grc"":""64;64;64""},{""borough"":""Manhattan"",""display_ok"":false,""street_names"":["""",""""],""location_ok"":false,""validation_method"":""none"",""latitude"":"""",""longitude"":"""",""grc"":""64;64;64""},{""borough"":""Queens"",""display_ok"":false,""street_names"":["""",""""],""location_ok"":false,""validation_method"":""none"",""latitude"":"""",""longitude"":"""",""grc"":""64;64;64""},{""borough"":""Staten Island"",""display_ok"":false,""street_names"":["""",""""],""location_ok"":false,""validation_method"":""none"",""latitude"":"""",""longitude"":"""",""grc"":""64;64;64""}]"
1494829514,40404|40404,8,GRANT,,0,,,exact_code_tuple_ranked,Bronx|Brooklyn|Manhattan|Queens|Staten Island,,,,unmatched,,,,0.0,,,"[{""borough"":""Bronx"",""display_ok"":false,""street_names"":["""",""""],""location_ok"":false,""validation_method"":""none"",""latitude"":"""",""longitude"":"""",""grc"":""64;64;64""},{""borough"":""Brooklyn"",""display_ok"":false,""street_names"":["""",""""],""location_ok"":false,""validation_method"":""none"",""latitude"":"""",""longitude"":"""",""grc"":""64;64;64""},{""borough"":""Manhattan"",""display_ok"":false,""street_names"":["""",""""],""location_ok"":false,""validation_method"":""none"",""latitude"":"""",""longitude"":"""",""grc"":""64;64;64""},{""borough"":""Queens"",""display_ok"":false,""street_names"":["""",""""],""location_ok"":false,""validation_method"":""none"",""latitude"":"""",""longitude"":"""",""grc"":""64;64;64""},{""borough"":""Staten Island"",""display_ok"":false,""street_names"":["""",""""],""location_ok"":false,""validation_method"":""none"",""latitude"":"""",""longitude"":"""",""grc"":""64;64;64""}]"
1473303308,40404|40404,660,W 12 AVE,11,11,,,exact_code_tuple_ranked,Bronx|Brooklyn|Manhattan|Queens|Staten Island,,,,unmatched,,,,0.0,,,"[{""borough"":""Bronx"",""display_ok"":false,""street_names"":["""",""""],""location_ok"":false,""validation_method"":""none"",""latitude"":"""",""longitude"":"""",""grc"":""64;64;64""},{""borough"":""Brooklyn"",""display_ok"":false,""street_names"":["""",""""],""location_ok"":false,""validation_method"":""none"",""latitude"":"""",""longitude"":"""",""grc"":""64;64;64""},{""borough"":""Manhattan"",""display_ok"":false,""street_names"":["""",""""],""location_ok"":false,""validation_method"":""none"",""latitude"":"""",""longitude"":"""",""grc"":""64;64;64""},{""borough"":""Queens"",""display_ok"":false,""street_names"":["""",""""],""location_ok"":false,""validation_method"":""none"",""latitude"":"""",""longitude"":"""",""grc"":""64;64;64""},{""borough"":""Staten Island"",""display_ok"":false,""street_names"":["""",""""],""location_ok"":false,""validation_method"":""none"",""latitude"":"""",""longitude"":"""",""grc"":""64;64;64""}]"
1492387423,40404|40404,90-15,37 AVE,,0,,,exact_code_tuple_ranked,Bronx|Brooklyn|Manhattan|Queens|Staten Island,,,,unmatched,,,,0.0,,,"[{""borough"":""Bronx"",""display_ok"":false,""street_names"":["""",""""],""location_ok"":false,""validation_method"":""none"",""latitude"":"""",""longitude"":"""",""grc"":""64;64;64""},{""borough"":""Brooklyn"",""display_ok"":false,""street_names"":["""",""""],""location_ok"":false,""validation_method"":""none"",""latitude"":"""",""longitude"":"""",""grc"":""64;64;64""},{""borough"":""Manhattan"",""display_ok"":false,""street_names"":["""",""""],""location_ok"":false,""validation_method"":""none"",""latitude"":"""",""longitude"":"""",""grc"":""64;64;64""},{""borough"":""Queens"",""display_ok"":false,""street_names"":["""",""""],""location_ok"":false,""validation_method"":""none"",""latitude"":"""",""longitude"":"""",""grc"":""64;64;64""},{""borough"":""Staten Island"",""display_ok"":false,""street_names"":["""",""""],""location_ok"":false,""validation_method"":""none"",""latitude"":"""",""longitude"":"""",""grc"":""64;64;64""}]"
1496009034,40404|40404,4071,BEDFORD,,0,,,exact_code_tuple_ranked,Bronx|Brooklyn|Manhattan|Queens|Staten Island,,,,unmatched,,,,0.0,,,"[{""borough"":""Bronx"",""display_ok"":false,""street_names"":["""",""""],""location_ok"":false,""validation_method"":""none"",""latitude"":"""",""longitude"":"""",""grc"":""64;64;64""},{""borough"":""Brooklyn"",""display_ok"":false,""street_names"":["""",""""],""location_ok"":false,""validation_method"":""none"",""latitude"":"""",""longitude"":"""",""grc"":""64;64;64""},{""borough"":""Manhattan"",""display_ok"":false,""street_names"":["""",""""],""location_ok"":false,""validation_method"":""none"",""latitude"":"""",""longitude"":"""",""grc"":""64;64;64""},{""borough"":""Queens"",""display_ok"":false,""street_names"":["""",""""],""location_ok"":false,""validation_method"":""none"",""latitude"":"""",""longitude"":"""",""grc"":""64;64;64""},{""borough"":""Staten Island"",""display_ok"":false,""street_names"":["""",""""],""location_ok"":false,""validation_method"":""none"",""latitude"":"""",""longitude"":"""",""grc"":""64;64;64""}]"
1494082871,40404|40404,680,OCEAN,,0,,,exact_code_tuple_ranked,Bronx|Brooklyn|Manhattan|Queens|Staten Island,,,,unmatched,,,,0.0,,,"[{""borough"":""Bronx"",""display_ok"":false,""street_names"":["""",""""],""location_ok"":false,""validation_method"":""none"",""latitude"":"""",""longitude"":"""",""grc"":""64;64;64""},{""borough"":""Brooklyn"",""display_ok"":false,""street_names"":["""",""""],""location_ok"":false,""validation_method"":""none"",""latitude"":"""",""longitude"":"""",""grc"":""64;64;64""},{""borough"":""Manhattan"",""display_ok"":false,""street_names"":["""",""""],""location_ok"":false,""validation_method"":""none"",""latitude"":"""",""longitude"":"""",""grc"":""64;64;64""},{""borough"":""Queens"",""display_ok"":false,""street_names"":["""",""""],""location_ok"":false,""validation_method"":""none"",""latitude"":"""",""longitude"":"""",""grc"":""64;64;64""},{""borough"":""Staten Island"",""display_ok"":false,""street_names"":["""",""""],""location_ok"":false,""validation_method"":""none"",""latitude"":"""",""longitude"":"""",""grc"":""64;64;64""}]"
1498177748,40404|40404,575,GREEN AVENUE,,0,,,exact_code_tuple_ranked,Bronx|Brooklyn|Manhattan|Queens|Staten Island,,,,unmatched,,,,0.0,,,"[{""borough"":""Bronx"",""display_ok"":false,""street_names"":["""",""""],""location_ok"":false,""validation_method"":""none"",""latitude"":"""",""longitude"":"""",""grc"":""64;64;64""},{""borough"":""Brooklyn"",""display_ok"":false,""street_names"":["""",""""],""location_ok"":false,""validation_method"":""none"",""latitude"":"""",""longitude"":"""",""grc"":""64;64;64""},{""borough"":""Manhattan"",""display_ok"":false,""street_names"":["""",""""],""location_ok"":false,""validation_method"":""none"",""latitude"":"""",""longitude"":"""",""grc"":""64;64;64""},{""borough"":""Queens"",""display_ok"":false,""street_names"":["""",""""],""location_ok"":false,""validation_method"":""none"",""latitude"":"""",""longitude"":"""",""grc"":""64;64;64""},{""borough"":""Staten Island"",""display_ok"":false,""street_names"":["""",""""],""location_ok"":false,""validation_method"":""none"",""latitude"":"""",""longitude"":"""",""grc"":""64;64;64""}]"
1495811268,40404|40404,481,EAST 94,,0,,,exact_code_tuple_ranked,Bronx|Brooklyn|Manhattan|Queens|Staten Island,,,,unmatched,,,,0.0,,,"[{""borough"":""Bronx"",""display_ok"":false,""street_names"":["""",""""],""location_ok"":false,""validation_method"":""none"",""latitude"":"""",""longitude"":"""",""grc"":""64;64;64""},{""borough"":""Brooklyn"",""display_ok"":false,""street_names"":["""",""""],""location_ok"":false,""validation_method"":""none"",""latitude"":"""",""longitude"":"""",""grc"":""64;64;64""},{""borough"":""Manhattan"",""display_ok"":false,""street_names"":["""",""""],""location_ok"":false,""validation_method"":""none"",""latitude"":"""",""longitude"":"""",""grc"":""64;64;64""},{""borough"":""Queens"",""display_ok"":false,""street_names"":["""",""""],""location_ok"":false,""validation_method"":""none"",""latitude"":"""",""longitude"":"""",""grc"":""64;64;64""},{""borough"":""Staten Island"",""display_ok"":false,""street_names"":["""",""""],""location_ok"":false,""validation_method"":""none"",""latitude"":"""",""longitude"":"""",""grc"":""64;64;64""}]"
1495561112,40404|40404,199,BRAISTED AVE,,0,,,exact_code_tuple_ranked,Bronx|Brooklyn|Manhattan|Queens|Staten Island,,,,unmatched,,,,0.0,,,"[{""borough"":""Bronx"",""display_ok"":false,""street_names"":["""",""""],""location_ok"":false,""validation_method"":""none"",""latitude"":"""",""longitude"":"""",""grc"":""64;64;64""},{""borough"":""Brooklyn"",""display_ok"":false,""street_names"":["""",""""],""location_ok"":false,""validation_method"":""none"",""latitude"":"""",""longitude"":"""",""grc"":""64;64;64""},{""borough"":""Manhattan"",""display_ok"":false,""street_names"":["""",""""],""location_ok"":false,""validation_method"":""none"",""latitude"":"""",""longitude"":"""",""grc"":""64;64;64""},{""borough"":""Queens"",""display_ok"":false,""street_names"":["""",""""],""location_ok"":false,""validation_method"":""none"",""latitude"":"""",""longitude"":"""",""grc"":""64;64;64""},{""borough"":""Staten Island"",""display_ok"":false,""street_names"":["""",""""],""location_ok"":false,""validation_method"":""none"",""latitude"":"""",""longitude"":"""",""grc"":""64;64;64""}]"
1498739155,40404|40404,630,ISHAM,,0,,,exact_code_tuple_ranked,Bronx|Brooklyn|Manhattan|Queens|Staten Island,,,,unmatched,,,,0.0,,,"[{""borough"":""Bronx"",""display_ok"":false,""street_names"":["""",""""],""location_ok"":false,""validation_method"":""none"",""latitude"":"""",""longitude"":"""",""grc"":""64;64;64""},{""borough"":""Brooklyn"",""display_ok"":false,""street_names"":["""",""""],""location_ok"":false,""validation_method"":""none"",""latitude"":"""",""longitude"":"""",""grc"":""64;64;64""},{""borough"":""Manhattan"",""display_ok"":false,""street_names"":["""",""""],""location_ok"":false,""validation_method"":""none"",""latitude"":"""",""longitude"":"""",""grc"":""64;64;64""},{""borough"":""Queens"",""display_ok"":false,""street_names"":["""",""""],""location_ok"":false,""validation_method"":""none"",""latitude"":"""",""longitude"":"""",""grc"":""64;64;64""},{""borough"":""Staten Island"",""display_ok"":false,""street_names"":["""",""""],""location_ok"":false,""validation_method"":""none"",""latitude"":"""",""longitude"":"""",""grc"":""64;64;64""}]"
1495603556,40404|40404,7,MARCUS GARVEY,,0,,,exact_code_tuple_ranked,Bronx|Brooklyn|Manhattan|Queens|Staten Island,,,,unmatched,,,,0.0,,,"[{""borough"":""Bronx"",""display_ok"":false,""street_names"":["""",""""],""location_ok"":false,""validation_method"":""none"",""latitude"":"""",""longitude"":"""",""grc"":""64;64;64""},{""borough"":""Brooklyn"",""display_ok"":false,""street_names"":["""",""""],""location_ok"":false,""validation_method"":""none"",""latitude"":"""",""longitude"":"""",""grc"":""64;64;64""},{""borough"":""Manhattan"",""display_ok"":false,""street_names"":["""",""""],""location_ok"":false,""validation_method"":""none"",""latitude"":"""",""longitude"":"""",""grc"":""64;64;64""},{""borough"":""Queens"",""display_ok"":false,""street_names"":["""",""""],""location_ok"":false,""validation_method"":""none"",""latitude"":"""",""longitude"":"""",""grc"":""64;64;64""},{""borough"":""Staten Island"",""display_ok"":false,""street_names"":["""",""""],""location_ok"":false,""validation_method"":""none"",""latitude"":"""",""longitude"":"""",""grc"":""64;64;64""}]"
1494198563,40404|40404,2155,GRAND CONCOURSE,,0,,,exact_code_tuple_ranked,Bronx|Brooklyn|Manhattan|Queens|Staten Island,,,,unmatched,,,,0.0,,,"[{""borough"":""Bronx"",""display_ok"":false,""street_names"":["""",""""],""location_ok"":false,""validation_method"":""none"",""latitude"":"""",""longitude"":"""",""grc"":""64;64;64""},{""borough"":""Brooklyn"",""display_ok"":false,""street_names"":["""",""""],""location_ok"":false,""validation_method"":""none"",""latitude"":"""",""longitude"":"""",""grc"":""64;64;64""},{""borough"":""Manhattan"",""display_ok"":false,""street_names"":["""",""""],""location_ok"":false,""validation_method"":""none"",""latitude"":"""",""longitude"":"""",""grc"":""64;64;64""},{""borough"":""Queens"",""display_ok"":false,""street_names"":["""",""""],""location_ok"":false,""validation_method"":""none"",""latitude"":"""",""longitude"":"""",""grc"":""64;64;64""},{""borough"":""Staten Island"",""display_ok"":false,""street_names"":["""",""""],""location_ok"":false,""validation_method"":""none"",""latitude"":"""",""longitude"":"""",""grc"":""64;64;64""}]"
1496391950,40404|40404,18,WEST,97,97,,,exact_code_tuple_ranked,Bronx|Brooklyn|Manhattan|Queens|Staten Island,,,,unmatched,,,,0.0,,,"[{""borough"":""Bronx"",""display_ok"":false,""street_names"":["""",""""],""location_ok"":false,""validation_method"":""none"",""latitude"":"""",""longitude"":"""",""grc"":""64;64;64""},{""borough"":""Brooklyn"",""display_ok"":false,""street_names"":["""",""""],""location_ok"":false,""validation_method"":""none"",""latitude"":"""",""longitude"":"""",""grc"":""64;64;64""},{""borough"":""Manhattan"",""display_ok"":false,""street_names"":["""",""""],""location_ok"":false,""validation_method"":""none"",""latitude"":"""",""longitude"":"""",""grc"":""64;64;64""},{""borough"":""Queens"",""display_ok"":false,""street_names"":["""",""""],""location_ok"":false,""validation_method"":""none"",""latitude"":"""",""longitude"":"""",""grc"":""64;64;64""},{""borough"":""Staten Island"",""display_ok"":false,""street_names"":["""",""""],""location_ok"":false,""validation_method"":""none"",""latitude"":"""",""longitude"":"""",""grc"":""64;64;64""}]"
1499468878,40404|40404,1917,116 WEST,,0,,,exact_code_tuple_ranked,Bronx|Brooklyn|Manhattan|Queens|Staten Island,,,,unmatched,,,,0.0,,,"[{""borough"":""Bronx"",""display_ok"":false,""street_names"":["""",""""],""location_ok"":false,""validation_method"":""none"",""latitude"":"""",""longitude"":"""",""grc"":""64;64;64""},{""borough"":""Brooklyn"",""display_ok"":false,""street_names"":["""",""""],""location_ok"":false,""validation_method"":""none"",""latitude"":"""",""longitude"":"""",""grc"":""64;64;64""},{""borough"":""Manhattan"",""display_ok"":false,""street_names"":["""",""""],""location_ok"":false,""validation_method"":""none"",""latitude"":"""",""longitude"":"""",""grc"":""64;64;64""},{""borough"":""Queens"",""display_ok"":false,""street_names"":["""",""""],""location_ok"":false,""validation_method"":""none"",""latitude"":"""",""longitude"":"""",""grc"":""64;64;64""},{""borough"":""Staten Island"",""display_ok"":false,""street_names"":["""",""""],""location_ok"":false,""validation_method"":""none"",""latitude"":"""",""longitude"":"""",""grc"":""64;64;64""}]"
1456123660,40404|40404,,JAMAICA STATION,,0,,,exact_code_tuple_ranked,Bronx|Brooklyn|Manhattan|Queens|Staten Island,,,,unmatched,,,,0.0,,,"[{""borough"":""Bronx"",""display_ok"":false,""street_names"":["""",""""],""location_ok"":false,""validation_method"":""none"",""latitude"":"""",""longitude"":"""",""grc"":""64;64;64""},{""borough"":""Brooklyn"",""display_ok"":false,""street_names"":["""",""""],""location_ok"":false,""validation_method"":""none"",""latitude"":"""",""longitude"":"""",""grc"":""64;64;64""},{""borough"":""Manhattan"",""display_ok"":false,""street_names"":["""",""""],""location_ok"":false,""validation_method"":""none"",""latitude"":"""",""longitude"":"""",""grc"":""64;64;64""},{""borough"":""Queens"",""display_ok"":false,""street_names"":["""",""""],""location_ok"":false,""validation_method"":""none"",""latitude"":"""",""longitude"":"""",""grc"":""64;64;64""},{""borough"":""Staten Island"",""display_ok"":false,""street_names"":["""",""""],""location_ok"":false,""validation_method"":""none"",""latitude"":"""",""longitude"":"""",""grc"":""64;64;64""}]"
1492170252,40404|40404,341,WISON AVE,,0,,,exact_code_tuple_ranked,Bronx|Brooklyn|Manhattan|Queens|Staten Island,,,,unmatched,,,,0.0,,,"[{""borough"":""Bronx"",""display_ok"":false,""street_names"":["""",""""],""location_ok"":false,""validation_method"":""none"",""latitude"":"""",""longitude"":"""",""grc"":""64;64;64""},{""borough"":""Brooklyn"",""display_ok"":false,""street_names"":["""",""""],""location_ok"":false,""validation_method"":""none"",""latitude"":"""",""longitude"":"""",""grc"":""64;64;64""},{""borough"":""Manhattan"",""display_ok"":false,""street_names"":["""",""""],""location_ok"":false,""validation_method"":""none"",""latitude"":"""",""longitude"":"""",""grc"":""64;64;64""},{""borough"":""Queens"",""display_ok"":false,""street_names"":["""",""""],""location_ok"":false,""validation_method"":""none"",""latitude"":"""",""longitude"":"""",""grc"":""64;64;64""},{""borough"":""Staten Island"",""display_ok"":false,""street_names"":["""",""""],""location_ok"":false,""validation_method"":""none"",""latitude"":"""",""longitude"":"""",""grc"":""64;64;64""}]"
1494198587,40404|40404,2324,GRAND CONCOURSE,86,86,,,exact_code_tuple_ranked,Bronx|Brooklyn|Manhattan|Queens|Staten Island,,,,unmatched,,,,0.0,,,"[{""borough"":""Bronx"",""display_ok"":false,""street_names"":["""",""""],""location_ok"":false,""validation_method"":""none"",""latitude"":"""",""longitude"":"""",""grc"":""64;64;64""},{""borough"":""Brooklyn"",""display_ok"":false,""street_names"":["""",""""],""location_ok"":false,""validation_method"":""none"",""latitude"":"""",""longitude"":"""",""grc"":""64;64;64""},{""borough"":""Manhattan"",""display_ok"":false,""street_names"":["""",""""],""location_ok"":false,""validation_method"":""none"",""latitude"":"""",""longitude"":"""",""grc"":""64;64;64""},{""borough"":""Queens"",""display_ok"":false,""street_names"":["""",""""],""location_ok"":false,""validation_method"":""none"",""latitude"":"""",""longitude"":"""",""grc"":""64;64;64""},{""borough"":""Staten Island"",""display_ok"":false,""street_names"":["""",""""],""location_ok"":false,""validation_method"":""none"",""latitude"":"""",""longitude"":"""",""grc"":""64;64;64""}]"
1494167396,40404|40404,1750,MONTGOMERY,86,86,,,exact_code_tuple_ranked,Bronx|Brooklyn|Manhattan|Queens|Staten Island,,,,unmatched,,,,0.0,,,"[{""borough"":""Bronx"",""display_ok"":false,""street_names"":["""",""""],""location_ok"":false,""validation_method"":""none"",""latitude"":"""",""longitude"":"""",""grc"":""64;64;64""},{""borough"":""Brooklyn"",""display_ok"":false,""street_names"":["""",""""],""location_ok"":false,""validation_method"":""none"",""latitude"":"""",""longitude"":"""",""grc"":""64;64;64""},{""borough"":""Manhattan"",""display_ok"":false,""street_names"":["""",""""],""location_ok"":false,""validation_method"":""none"",""latitude"":"""",""longitude"":"""",""grc"":""64;64;64""},{""borough"":""Queens"",""display_ok"":false,""street_names"":["""",""""],""location_ok"":false,""validation_method"":""none"",""latitude"":"""",""longitude"":"""",""grc"":""64;64;64""},{""borough"":""Staten Island"",""display_ok"":false,""street_names"":["""",""""],""location_ok"":false,""validation_method"":""none"",""latitude"":"""",""longitude"":"""",""grc"":""64;64;64""}]"
1476343858,40404|40404,137-58,NORTHERN BLVD,,0,,,exact_code_tuple_ranked,Bronx|Brooklyn|Manhattan|Queens|Staten Island,,,,unmatched,,,,0.0,,,"[{""borough"":""Bronx"",""display_ok"":false,""street_names"":["""",""""],""location_ok"":false,""validation_method"":""none"",""latitude"":"""",""longitude"":"""",""grc"":""64;64;64""},{""borough"":""Brooklyn"",""display_ok"":false,""street_names"":["""",""""],""location_ok"":false,""validation_method"":""none"",""latitude"":"""",""longitude"":"""",""grc"":""64;64;64""},{""borough"":""Manhattan"",""display_ok"":false,""street_names"":["""",""""],""location_ok"":false,""validation_method"":""none"",""latitude"":"""",""longitude"":"""",""grc"":""64;64;64""},{""borough"":""Queens"",""display_ok"":false,""street_names"":["""",""""],""location_ok"":false,""validation_method"":""none"",""latitude"":"""",""longitude"":"""",""grc"":""64;64;64""},{""borough"":""Staten Island"",""display_ok"":false,""street_names"":["""",""""],""location_ok"":false,""validation_method"":""none"",""latitude"":"""",""longitude"":"""",""grc"":""64;64;64""}]"
